Workbook

Sheet REMISIÓN 2024
A2: REMISIÓN DE MUESTRAS
K3: F9T09-02
F4: FECHA DE ELABORACIÓN | G4: =TODAY() -> 46217 | I4: CONSECUTIVO | J4: 29
B7: LABORATORIO DE ENSAYOS NYCE COLOMBIA S.A.S
B9: CLIENTE | D9: =_xlfn.XLOOKUP(M12,#REF!,#REF!) -> #REF! | G9: TIPO DE SALIDA | I9: RECOLECCIÓN POR PARTE DEL CLIENTE
B11: IDENTIFICACIÓN INTERNA | D11: IDENTIFICACIÓN EXTERNA | E11: DESCRIPCIÓN | G11: FABRICANTE /MARCA | H11: OBSERVACIONES | J11: FECHA DE RECEPCIÓN | K11: FECHA DE ENTREGA | M11: PEGAR AQUÍ ÍTEM ︾
B12: Varios | D12: =IF(M12>0,(UPPER(_xlfn.XLOOKUP(M12,#REF!,#REF!,"No encontrado",0))),"") -> #REF! | E12: =IF(M12>0,(PROPER(_xlfn.XLOOKUP(M12,#REF!,#REF!,"No encontrado",0))),"") -> #REF! | G12: =IF(M12>0,(PROPER(_xlfn.XLOOKUP(M12,#REF!,#REF!,"No encontrado",0))),"") -> #REF! | H12: Ninguna | J12: 45636 | K12: 45714 | M12: 370
B13: Varios | D13: =IF(M13>0,(UPPER(_xlfn.XLOOKUP(M13,#REF!,#REF!,"No encontrado",0))),"") -> #REF! | E13: =IF(M13>0,(PROPER(_xlfn.XLOOKUP(M13,#REF!,#REF!,"No encontrado",0))),"") -> #REF! | G13: =IF(M13>0,(PROPER(_xlfn.XLOOKUP(M13,#REF!,#REF!,"No encontrado",0))),"") -> #REF! | H13: Ninguna | J13: 45636 | K13: 45714 | M13: 371 | S13: SI(M12>0;BUSCARX(M12;DATOS!B:B;DATOS!A:A;"";0);"")
B14: Varios | D14: =IF(M14>0,(UPPER(_xlfn.XLOOKUP(M14,#REF!,#REF!,"No encontrado",0))),"") -> #REF! | E14: =IF(M14>0,(PROPER(_xlfn.XLOOKUP(M14,#REF!,#REF!,"No encontrado",0))),"") -> #REF! | G14: =IF(M14>0,(PROPER(_xlfn.XLOOKUP(M14,#REF!,#REF!,"No encontrado",0))),"") -> #REF! | H14: Ninguna | J14: 45636 | K14: 45714 | M14: 372
B15: Varios | D15: =IF(M15>0,(UPPER(_xlfn.XLOOKUP(M15,#REF!,#REF!,"No encontrado",0))),"") -> #REF! | E15: =IF(M15>0,(PROPER(_xlfn.XLOOKUP(M15,#REF!,#REF!,"No encontrado",0))),"") -> #REF! | G15: =IF(M15>0,(PROPER(_xlfn.XLOOKUP(M15,#REF!,#REF!,"No encontrado",0))),"") -> #REF! | H15: Ninguna | J15: =_xlfn.XLOOKUP(M15,#REF!,#REF!,0) -> #REF! | K15: =IF(M15>0,TODAY(),"") -> 46217 | M15: 373
B16: Varios | D16: =IF(M16>0,(UPPER(_xlfn.XLOOKUP(M16,#REF!,#REF!,"No encontrado",0))),"") -> #REF! | E16: =IF(M16>0,(PROPER(_xlfn.XLOOKUP(M16,#REF!,#REF!,"No encontrado",0))),"") -> #REF! | G16: =IF(M16>0,(PROPER(_xlfn.XLOOKUP(M16,#REF!,#REF!,"No encontrado",0))),"") -> #REF! | H16: Ninguna | J16: =_xlfn.XLOOKUP(M16,#REF!,#REF!,0) -> #REF! | K16: =IF(M16>0,TODAY(),"") -> 46217 | M16: 1607
B17: Varios | D17: =IF(M17>0,(UPPER(_xlfn.XLOOKUP(M17,#REF!,#REF!,"No encontrado",0))),"") -> #REF! | E17: =IF(M17>0,(PROPER(_xlfn.XLOOKUP(M17,#REF!,#REF!,"No encontrado",0))),"") -> #REF! | G17: =IF(M17>0,(PROPER(_xlfn.XLOOKUP(M17,#REF!,#REF!,"No encontrado",0))),"") -> #REF! | H17: Ninguna | J17: =_xlfn.XLOOKUP(M17,#REF!,#REF!,0) -> #REF! | K17: =IF(M17>0,TODAY(),"") -> 46217 | M17: 1608
B18: Varios | D18: =IF(M18>0,(UPPER(_xlfn.XLOOKUP(M18,#REF!,#REF!,"No encontrado",0))),"") -> #REF! | E18: =IF(M18>0,(PROPER(_xlfn.XLOOKUP(M18,#REF!,#REF!,"No encontrado",0))),"") -> #REF! | G18: =IF(M18>0,(PROPER(_xlfn.XLOOKUP(M18,#REF!,#REF!,"No encontrado",0))),"") -> #REF! | H18: Ninguna | J18: =_xlfn.XLOOKUP(M18,#REF!,#REF!,0) -> #REF! | K18: =IF(M18>0,TODAY(),"") -> 46217 | M18: 1609
B19: Varios | D19: =IF(M19>0,(UPPER(_xlfn.XLOOKUP(M19,#REF!,#REF!,"No encontrado",0))),"") -> #REF! | E19: =IF(M19>0,(PROPER(_xlfn.XLOOKUP(M19,#REF!,#REF!,"No encontrado",0))),"") -> #REF! | G19: =IF(M19>0,(PROPER(_xlfn.XLOOKUP(M19,#REF!,#REF!,"No encontrado",0))),"") -> #REF! | H19: Ninguna | J19: =_xlfn.XLOOKUP(M19,#REF!,#REF!,0) -> #REF! | K19: =IF(M19>0,TODAY(),"") -> 46217 | M19: 1610
B20: Varios | D20: =IF(M20>0,(UPPER(_xlfn.XLOOKUP(M20,#REF!,#REF!,"No encontrado",0))),"") -> #REF! | E20: =IF(M20>0,(PROPER(_xlfn.XLOOKUP(M20,#REF!,#REF!,"No encontrado",0))),"") -> #REF! | G20: =IF(M20>0,(PROPER(_xlfn.XLOOKUP(M20,#REF!,#REF!,"No encontrado",0))),"") -> #REF! | H20: Ninguna | J20: =_xlfn.XLOOKUP(M20,#REF!,#REF!,0) -> #REF! | K20: =IF(M20>0,TODAY(),"") -> 46217 | M20: 1611
B21: Varios | D21: =IF(M21>0,(UPPER(_xlfn.XLOOKUP(M21,#REF!,#REF!,"No encontrado",0))),"") -> #REF! | E21: =IF(M21>0,(PROPER(_xlfn.XLOOKUP(M21,#REF!,#REF!,"No encontrado",0))),"") -> #REF! | G21: =IF(M21>0,(PROPER(_xlfn.XLOOKUP(M21,#REF!,#REF!,"No encontrado",0))),"") -> #REF! | H21: Ninguna | J21: =_xlfn.XLOOKUP(M21,#REF!,#REF!,0) -> #REF! | K21: =IF(M21>0,TODAY(),"") -> 46217 | M21: 1612
B22: Varios | D22: =IF(M22>0,(UPPER(_xlfn.XLOOKUP(M22,#REF!,#REF!,"No encontrado",0))),"") -> #REF! | E22: =IF(M22>0,(PROPER(_xlfn.XLOOKUP(M22,#REF!,#REF!,"No encontrado",0))),"") -> #REF! | G22: =IF(M22>0,(PROPER(_xlfn.XLOOKUP(M22,#REF!,#REF!,"No encontrado",0))),"") -> #REF! | H22: Ninguna | J22: =_xlfn.XLOOKUP(M22,#REF!,#REF!,0) -> #REF! | K22: =IF(M22>0,TODAY(),"") -> 46217 | M22: 1613
B23: Varios | D23: =IF(M23>0,(UPPER(_xlfn.XLOOKUP(M23,#REF!,#REF!,"No encontrado",0))),"") -> #REF! | E23: =IF(M23>0,(PROPER(_xlfn.XLOOKUP(M23,#REF!,#REF!,"No encontrado",0))),"") -> #REF! | G23: =IF(M23>0,(PROPER(_xlfn.XLOOKUP(M23,#REF!,#REF!,"No encontrado",0))),"") -> #REF! | H23: Ninguna | J23: =_xlfn.XLOOKUP(M23,#REF!,#REF!,0) -> #REF! | K23: =IF(M23>0,TODAY(),"") -> 46217 | M23: 1614
B24: Varios | D24: =IF(M24>0,(UPPER(_xlfn.XLOOKUP(M24,#REF!,#REF!,"No encontrado",0))),"") -> #REF! | E24: =IF(M24>0,(PROPER(_xlfn.XLOOKUP(M24,#REF!,#REF!,"No encontrado",0))),"") -> #REF! | G24: =IF(M24>0,(PROPER(_xlfn.XLOOKUP(M24,#REF!,#REF!,"No encontrado",0))),"") -> #REF! | H24: Ninguna | J24: =_xlfn.XLOOKUP(M24,#REF!,#REF!,0) -> #REF! | K24: =IF(M24>0,TODAY(),"") -> 46217 | M24: 1615
B25: Varios | D25: =IF(M25>0,(UPPER(_xlfn.XLOOKUP(M25,#REF!,#REF!,"No encontrado",0))),"") -> #REF! | E25: =IF(M25>0,(PROPER(_xlfn.XLOOKUP(M25,#REF!,#REF!,"No encontrado",0))),"") -> #REF! | G25: =IF(M25>0,(PROPER(_xlfn.XLOOKUP(M25,#REF!,#REF!,"No encontrado",0))),"") -> #REF! | H25: Ninguna | J25: =_xlfn.XLOOKUP(M25,#REF!,#REF!,0) -> #REF! | K25: =IF(M25>0,TODAY(),"") -> 46217 | M25: 1616
B26: Varios | D26: =IF(M26>0,(UPPER(_xlfn.XLOOKUP(M26,#REF!,#REF!,"No encontrado",0))),"") -> #REF! | E26: =IF(M26>0,(PROPER(_xlfn.XLOOKUP(M26,#REF!,#REF!,"No encontrado",0))),"") -> #REF! | G26: =IF(M26>0,(PROPER(_xlfn.XLOOKUP(M26,#REF!,#REF!,"No encontrado",0))),"") -> #REF! | H26: Ninguna | J26: =_xlfn.XLOOKUP(M26,#REF!,#REF!,0) -> #REF! | K26: =IF(M26>0,TODAY(),"") -> 46217 | M26: 1617
B27: Varios | D27: =IF(M27>0,(UPPER(_xlfn.XLOOKUP(M27,#REF!,#REF!,"No encontrado",0))),"") -> #REF! | E27: =IF(M27>0,(PROPER(_xlfn.XLOOKUP(M27,#REF!,#REF!,"No encontrado",0))),"") -> #REF! | G27: =IF(M27>0,(PROPER(_xlfn.XLOOKUP(M27,#REF!,#REF!,"No encontrado",0))),"") -> #REF! | H27: Ninguna | J27: =_xlfn.XLOOKUP(M27,#REF!,#REF!,0) -> #REF! | K27: =IF(M27>0,TODAY(),"") -> 46217 | M27: 1643
H28: Se entrega todas las muestras incluidas las que no se ensayaron en nyce | J28: =_xlfn.XLOOKUP(M28,#REF!,#REF!,0) -> #REF! | K28: =IF(M28>0,TODAY(),"")
D29: =IF(M29>0,(UPPER(_xlfn.XLOOKUP(M29,#REF!,#REF!,"No encontrado",0))),"") | E29: =IF(M29>0,(PROPER(_xlfn.XLOOKUP(M29,#REF!,#REF!,"No encontrado",0))),"") | G29: =IF(M29>0,(PROPER(_xlfn.XLOOKUP(M29,#REF!,#REF!,"No encontrado",0))),"") | J29: =_xlfn.XLOOKUP(M29,#REF!,#REF!,0) -> #REF! | K29: =IF(M29>0,TODAY(),"")
J35: =_xlfn.XLOOKUP(M35,#REF!,#REF!,0) -> #REF! | K35: =IF(M35>0,TODAY(),"")
B37: TOTAL MUESTRAS | C37: 17 | D37: NUMERO DE EMPAQUES | E37: 17 | F37: OBSERVACIÓN FINAL DE LAS MUESTRAS | H37: Todas las muestras fueron ensayadas, por lo tanto, ninguna se encuentra en buen estado estético, debido al procedimiento de ensayo y manipulación de la muestra.
C40: ENTREGADO POR: | G40: ENTREGADO A: | M40: Todas las muestras fueron ensayadas, por lo tanto, ninguna se encuentra en buen estado, debido al procedimiento de ensayo y manipulación de la muestra.
G41: FIRMA
C42: Andres Carvajal | G42: NOMBRE
B44: ENTRADA EN VIGOR 2023-08-30
A45: Se prohíbe la reproducción total o parcial sin previa autorización
A46: NYCE Colombia S.A.S. | Calle 30 No. 17 - 52 | Teusaquillo - Bogotá D.C. Colombia | Tel. + 571 756 84 85 ext. 129
A51: REMISIÓN DE MUESTRAS
K52: F9T09-02
F53: FECHA DE ELABORACIÓN | G53: =G4 -> 46217 | I53: CONSECUTIVO | J53: =J4 -> 29
B56: LABORATORIO DE ENSAYOS NYCE COLOMBIA S.A.S
B58: CLIENTE | D58: =D9 -> #REF! | G58: TIPO DE SALIDA | I58: =I9 -> RECOLECCIÓN POR PARTE DEL CLIENTE
B60: IDENTIFICACIÓN INTERNA | D60: IDENTIFICACIÓN EXTERNA | E60: DESCRIPCIÓN | G60: FABRICANTE /MARCA | H60: OBSERVACIONES | J60: FECHA DE RECEPCIÓN | K60: FECHA DE ENTREGA
B61: =B12 -> Varios | D61: =D12 -> #REF! | E61: =E12 -> #REF! | G61: =G12 -> #REF! | H61: =H12 -> Ninguna | J61: =J12 -> 45636 | K61: =K12 -> 45714
B62: =B13 -> Varios | D62: =D13 -> #REF! | E62: =E13 -> #REF! | G62: =G13 -> #REF! | H62: =H13 -> Ninguna | J62: =J13 -> 45636 | K62: =K13 -> 45714
B63: =B14 -> Varios | D63: =D14 -> #REF! | E63: =E14 -> #REF! | G63: =G14 -> #REF! | H63: =H14 -> Ninguna | J63: =J14 -> 45636 | K63: =K14 -> 45714
B64: =B15 -> Varios | D64: =D15 -> #REF! | E64: =E15 -> #REF! | G64: =G15 -> #REF! | H64: =H15 -> Ninguna | J64: =J15 -> #REF! | K64: =K15 -> 46217
B65: =B16 -> Varios | D65: =D16 -> #REF! | E65: =E16 -> #REF! | G65: =G16 -> #REF! | H65: =H16 -> Ninguna | J65: =J16 -> #REF! | K65: =K16 -> 46217
B66: =B17 -> Varios | D66: =D17 -> #REF! | E66: =E17 -> #REF! | G66: =G17 -> #REF! | H66: =H17 -> Ninguna | J66: =J17 -> #REF! | K66: =K17 -> 46217
B67: =B18 -> Varios | D67: =D18 -> #REF! | E67: =E18 -> #REF! | G67: =G18 -> #REF! | H67: =H18 -> Ninguna | J67: =J18 -> #REF! | K67: =K18 -> 46217
B68: =B19 -> Varios | D68: =D19 -> #REF! | E68: =E19 -> #REF! | G68: =G19 -> #REF! | H68: =H19 -> Ninguna | J68: =J19 -> #REF! | K68: =K19 -> 46217
B69: =B20 -> Varios | D69: =D20 -> #REF! | E69: =E20 -> #REF! | G69: =G20 -> #REF! | H69: =H20 -> Ninguna | J69: =J20 -> #REF! | K69: =K20 -> 46217
B70: =B21 -> Varios | D70: =D21 -> #REF! | E70: =E21 -> #REF! | G70: =G21 -> #REF! | H70: =H21 -> Ninguna | J70: =J21 -> #REF! | K70: =K21 -> 46217
B71: =B22 -> Varios | D71: =D22 -> #REF! | E71: =E22 -> #REF! | G71: =G22 -> #REF! | H71: =H22 -> Ninguna | J71: =J22 -> #REF! | K71: =K22 -> 46217
B72: =B23 -> Varios | D72: =D23 -> #REF! | E72: =E23 -> #REF! | G72: =G23 -> #REF! | H72: =H23 -> Ninguna | J72: =J23 -> #REF! | K72: =K23 -> 46217
... B83: =B34 -> 0 | D83: =D34 -> 0 | E83: =E34 -> 0 | G83: =G34 -> 0 | H83: =H34 -> 0 | J83: =J34 -> 0 | K83: =K34 -> 0
B84: =B35 -> 0 | D84: =D35 -> 0 | E84: =E35 -> 0 | G84: =G35 -> 0 | H84: =#REF! -> #REF! | J84: =J35 -> #REF! | K84: =K35
B85: =B35 -> 0 | D85: =D35 -> 0 | E85: =E35 -> 0 | G85: =G35 -> 0 | J85: =J35 -> #REF! | K85: =K35
B87: TOTAL MUESTRAS | C87: =C37 -> 17 | D87: NUMERO DE EMPAQUES | E87: =E37 -> 17 | F87: OBSERVACIÓN FINAL DE LAS MUESTRAS | H87: =H37 -> Todas las muestras fueron ensayadas, por lo tanto, ninguna se encuentra en buen estado estético, debido al procedimiento de ensayo y manipulación de la muestra.
C90: ENTREGADO POR: | G90: ENTREGADO A:
G91: =G41 -> FIRMA
C92: Andres Carvajal | G92: NOMBRE
B94: ENTRADA EN VIGOR 2023-08-30
A95: Se prohíbe la reproducción total o parcial sin previa autorización
A96: NYCE Colombia S.A.S. | Calle 30 No. 17 - 52 | Teusaquillo - Bogotá D.C. Colombia | Tel. + 571 756 84 85 ext. 129

Sheet Hoja2

Sheet Hoja1
D1: Muestras para entregar
D5: 45701 | E5: INTERTEK | F5: Caja plastica azul | G5: ambar polar | H5: 25008 | I5: LENC | J5: 25 | K5: I 0083 | L5: 1 | M5: C 0089
D6: 45701 | E6: INTERTEK | F6: Caja plastica azul | G6: ambar polar | H6: 25009 | I6: LENC | J6: 25 | K6: I 0083 | L6: 1 | M6: C 0089
D7: 45701 | E7: INTERTEK | F7: Caja plastica azul | G7: ambar polar | H7: 25010 | I7: LENC | J7: 25 | K7: I 0083 | L7: 1 | M7: C 0089
D8: 45719 | E8: INTERTEK | F8: Bombillos E27 | G8: IKEA | H8: 20873 | I8: LENC | J8: 25 | K8: I 0057 / 0058 / 0059 / 0060 | L8: 2 | M8: C 0078
D9: 45719 | E9: INTERTEK | F9: Bombillos E27 | G9: IKEA | H9: 20872 | I9: LENC | J9: 25 | K9: I 0057 / 0058 / 0059 / 0060 | L9: 2 | M9: C 0078
D10: 45719 | E10: INTERTEK | F10: Bombillos E27 | G10: IKEA | H10: 20871 | I10: LENC | J10: 25 | K10: I 0057 / 0058 / 0059 / 0060 | L10: 2 | M10: C 0078
D11: 45719 | E11: INTERTEK | F11: Bombillo GU10 | G11: IKEA | H11: 20877 | I11: LENC | J11: 25 | K11: I 0057 / 0058 / 0059 / 0060 | L11: 2 | M11: C 0078
D12: 45719 | E12: INTERTEK | F12: Bombillo GU10 | G12: IKEA | H12: 20879 | I12: LENC | J12: 25 | K12: I 0057 / 0058 / 0059 / 0060 | L12: 2 | M12: C 0078
D13: 45719 | E13: INTERTEK | F13: Bombillo GU10 | G13: IKEA | H13: 20878 | I13: LENC | J13: 25 | K13: I 0057 / 0058 / 0059 / 0060 | L13: 2 | M13: C 0078
D14: 45719 | E14: INTERTEK | F14: Bombillo E14 | G14: IKEA | H14: 20868 | I14: LENC | J14: 25 | K14: I 0057 / 0058 / 0059 / 0060 | L14: 2 | M14: C 0078
D15: 45719 | E15: INTERTEK | F15: Bombillo E14 | G15: IKEA | H15: 20869 | I15: LENC | J15: 25 | K15: I 0057 / 0058 / 0059 / 0060 | L15: 2 | M15: C 0078
D16: 45719 | E16: INTERTEK | F16: Bombillo E14 | G16: IKEA | H16: 20870 | I16: LENC | J16: 25 | K16: I 0057 / 0058 / 0059 / 0060 | L16: 2 | M16: C 0078
... D30: 45588 | E30: Intertek | F30: Luminaria de colgar | G30: IKEA | H30: 21665 | I30: LENC | J30: 24 | K30: I 0996 | L30: 1 | M30: C 1209
D31: 45581 | E31: Intertek | F31: Riel blanco 3M | G31: N/E | H31: 21639 / 21640 | I31: LENC | J31: 24 | K31: I 0994 / 0995 | L31: 2 | M31: C 1225
D32: 45580 | E32: Intertek | F32: Conector de riel | G32: N/E | H32: 21633 | I32: LENC | J32: 24 | K32: N/E | L32: 1 | M32: N/E
D33: 45580 | E33: Intertek | F33: Conector de riel | G33: N/E | H33: 21629 | I33: LENC | J33: 24 | K33: N/E | L33: 1 | M33: N/E
D34: 45580 | E34: Intertek | F34: Conector de riel | G34: N/E | H34: 21626 | I34: LENC | J34: 24 | K34: I 0996 | L34: 1 | M34: C 1209
D35: 45580 | E35: Intertek | F35: Conector de riel | G35: N/E | H35: 21635 | I35: LENC | J35: 24 | K35: N/E | L35: 1 | M35: N/E
D36: 45580 | E36: Intertek | F36: Conector de riel | G36: N/E | H36: 21636 | I36: LENC | J36: 24 | K36: N/E | L36: 1 | M36: N/E
D37: 45580 | E37: Intertek | F37: Conector de riel | G37: N/E | H37: 21632 | I37: LENC | J37: 24 | K37: N/E | L37: 1 | M37: N/E
D38: 45580 | E38: Intertek | F38: Conector de riel | G38: N/E | H38: 21631 | I38: LENC | J38: 24 | K38: N/E | L38: 1 | M38: N/E
D39: 45580 | E39: Intertek | F39: Conector de riel | G39: N/E | H39: 21634 | I39: LENC | J39: 24 | K39: N/E | L39: 1 | M39: N/E
D40: 45580 | E40: Intertek | F40: Conector de riel | G40: N/E | H40: 21637 | I40: LENC | J40: 24 | K40: N/E | L40: 1 | M40: N/E
D41: 45580 | E41: Intertek | F41: Conector de riel | G41: N/E | H41: 21638 | I41: LENC | J41: 24 | K41: N/E | L41: 1 | M41: N/E
D42: 45580 | E42: Intertek | F42: Conector de riel | G42: N/E | H42: 21630 | I42: LENC | J42: 24 | K42: N/E | L42: 1 | M42: N/E
D43: 45467 | E43: Intertek | F43: Luminaria decorativa | G43: Ikea | H43: N/E | I43: LENC | J43: 24 | K43: I 0579 | L43: 1 | M43: C 0715
D44: 45608 | E44: Intertek | F44: Luminaria de emergencia | G44: Segurimax | H44: 21785 | I44: LENC | J44: 24 | K44: I 1086 | L44: 1 | M44: C 1302
D45: 45608 | E45: Intertek | F45: Luminaria de emergencia | G45: Segurimax | H45: 21786 | I45: LENC | J45: 24 | K45: I 1086 | L45: 1 | M45: C 1302
D46: 45608 | E46: Intertek | F46: Luminaria de emergencia | G46: Segurimax | H46: 21782 | I46: LENC | J46: 24 | K46: I 1086 | L46: 1 | M46: C 1302
D47: 45608 | E47: Intertek | F47: Luminaria de emergencia | G47: Segurimax | H47: 21783 | I47: LENC | J47: 24 | K47: I 1086 | L47: 1 | M47: C 1302
D48: Muestras custodia
D52: 45727 | E52: INTERTEK | F52: Muestras de polo reconectador | G52: N/E | H52: N/E | I52: LENC | J52: 25 | K52: N/E | L52: 1 | M52: N/E
D53: 45608 | E53: Intertek | F53: Señal de salida de emergencia | G53: Segurimax | H53: 21781 | I53: LENC | J53: 24 | K53: N/E | L53: 1 | M53: N/E
D54: 45608 | E54: Intertek | F54: Luminaria de emergencia | G54: Segurimax | H54: 21784 | I54: LENC | J54: 24 | K54: N/E | L54: 1 | M54: N/E

Sheet CONTROL_MUESTRAS_2026
D1: CONTROL DE MUESTRAS
D4: =TODAY() -> 46217 | P4: F3T09-03
A5: ÍTEM | B5: FECHA DE INGRESO | C5: NOMBRE DEL CLIENTE | D5: DESCRIPCIÓN MUESTRA | E5: MARCA | F5: REFERENCIA / MODELO | G5: REFERENCIA EXTERNA | H5: IDENTIFICACIÓN INTERNA | I5: IDENTIFICACIÓN DE MUESTRA | N5: UBICACIÓN | O5: ESTADO | P5: OBSERVACIONES
B6: AAAA-MM-DD | I6: ID | J6: AÑO | K6: INFORME | L6: N° | M6: COTIZACIÓN | N6: ESTANTE O REMISIÓN DE ENVIO
A7: ÍTEM | B7: FECHA | D7: DESCRIPCIÓN | G7: 90' | I7: 2 | J7: AÑO | K7: CONSECUTIVO | L7: Columna1 | M7: COTIZACIÓN | N7: UBICACIÓN | O7: ESTADO | P7: Columna15
A8: =IF(B8="","",COUNTA($B$7:B7)) -> 1 | B8: 46029 | C8: Cidet | D8: Sala eléctrica | E8: GIM INGENIERIA Y PROYECTOS | F8: - | G8: CP-25-407667-02 | H8: - | I8: =IF(B8="","","LENC") -> LENC | J8: =IF(B8="","",TEXT(B8,"yy")) -> 26 | K8: =IF(B8="","","N/E") -> N/E | L8: 1 | M8: =IF(D8="","","N/E") -> N/E | N8: k1 | O8: En custodia
A9: =IF(B9="","",COUNTA($B$7:B8)) -> 2 | B9: 46031 | C9: Vtek | D9: Base de lampara | E9: Tezzio | F9: - | G9: 20099 | H9: - | I9: =IF(B9="","","LENC") -> LENC | J9: =IF(B9="","",TEXT(B9,"yy")) -> 26 | K9: N/E | L9: 1 | M9: N/E | N9: H1 | O9: Almacenado
A10: =IF(B10="","",COUNTA($B$7:B9)) -> 3 | B10: 46031 | C10: Vtek | D10: Tomacorriente GFCI | E10: SIELU | F10: - | G10: 20106/20107/20108 | H10: - | I10: =IF(B10="","","LENC") -> LENC | J10: =IF(B10="","",TEXT(B10,"yy")) -> 26 | K10: I 0335 | L10: 3 | M10: C 0287 | N10: F5 | O10: Almacenado
A11: =IF(B11="","",COUNTA($B$7:B10)) -> 4 | B11: 46031 | C11: Vtek | D11: Tomacorriente | E11: SIELU | F11: - | G11: 20105/20104/20103 | H11: - | I11: =IF(B11="","","LENC") -> LENC | J11: =IF(B11="","",TEXT(B11,"yy")) -> 26 | K11: N/E | L11: 3 | M11: N/E | N11: F5 | O11: Almacenado
A12: =IF(B12="","",COUNTA($B$7:B11)) -> 5 | B12: 46031 | C12: Vtek | D12: Interruptor | E12: SIELU | F12: - | G12: 20101/20100/20102 | H12: - | I12: =IF(B12="","","LENC") -> LENC | J12: =IF(B12="","",TEXT(B12,"yy")) -> 26 | K12: N/E | L12: 3 | M12: N/E | N12: D2 | O12: En custodia
A13: =IF(B13="","",COUNTA($B$7:B12)) -> 6 | B13: 46035 | C13: Lenor | D13: Base para fotocelda | E13: MERCURY | F13: - | G13: A-7522-2025 | H13: - | I13: =IF(B13="","","LENC") -> LENC | J13: =IF(B13="","",TEXT(B13,"yy")) -> 26 | K13: I A- 7522-2025-18876 | L13: 1 | M13: N/E | N13: G5 | O13: Almacenado | P13: Está
A14: =IF(B14="","",COUNTA($B$7:B13)) -> 7 | B14: 46035 | C14: LUMECK | D14: Luminaria lineal | E14: ILUMEC | F14: - | G14: NLLHC | H14: - | I14: =IF(B14="","","LENC") -> LENC | J14: =IF(B14="","",TEXT(B14,"yy")) -> 26 | K14: N/E | L14: 1 | M14: N/E | N14: D3 | O14: En custodia
A15: =IF(B15="","",COUNTA($B$7:B14)) -> 8 | B15: 46035 | C15: NYCE | D15: Cable AWG12 | E15: Tecnolite | F15: - | G15: 20832 | H15: - | I15: =IF(B15="","","LENC") -> LENC | J15: =IF(B15="","",TEXT(B15,"yy")) -> 26 | K15: N/E | L15: 1 | M15: N/E | N15: Z1 | O15: En custodia
A16: =IF(B16="","",COUNTA($B$7:B15)) -> 9 | B16: 46035 | C16: Cidet | D16: Envolvente | E16: Legrand | F16: - | G16: 1IMB/1PER | H16: - | I16: =IF(B16="","","LENC") -> LENC | J16: =IF(B16="","",TEXT(B16,"yy")) -> 26 | K16: I 0243 | L16: 1 | M16: C 0215 | N16: 19 | O16: Enviado
A17: =IF(B17="","",COUNTA($B$7:B16)) -> 10 | B17: 46037 | C17: NYCE | D17: Bombillo LED | E17: KARLUZ | F17: - | G17: N/E | H17: - | I17: =IF(B17="","","LENC") -> LENC | J17: =IF(B17="","",TEXT(B17,"yy")) -> 26 | K17: N/E | L17: 2 | M17: N/E | N17: Z1 | O17: En custodia
A18: =IF(B18="","",COUNTA($B$7:B17)) -> 11 | B18: 46037 | C18: NYCE | D18: Extensión | E18: GLOBY | F18: - | G18: N/E | H18: - | I18: =IF(B18="","","LENC") -> LENC | J18: =IF(B18="","",TEXT(B18,"yy")) -> 26 | K18: N/E | L18: 2 | M18: N/E | N18: Z1 | O18: En custodia
A19: =IF(B19="","",COUNTA($B$7:B18)) -> 12 | B19: 46038 | C19: NYCE | D19: Cajas de paso | E19: DURMAN | F19: - | G19: N/E | H19: - | I19: =IF(B19="","","LENC") -> LENC | J19: =IF(B19="","",TEXT(B19,"yy")) -> 26 | K19: N/E | L19: 6 | M19: N/E | N19: Z2 | O19: En custodia
A20: =IF(B20="","",COUNTA($B$7:B19)) -> 13 | B20: 46038 | C20: Lenor | D20: Luminaria de alumbrado publico | E20: FONROCHE LIGTHING | F20: - | G20: A-7377-2025-19072 | H20: - | I20: =IF(B20="","","LENC") -> LENC | J20: =IF(B20="","",TEXT(B20,"yy")) -> 26 | K20: I 0088 / 0089 | L20: 1 | M20: C 0077 | N20: D3 | O20: En curso
A21: =IF(B21="","",COUNTA($B$7:B20)) -> 14 | B21: 46038 | C21: Lenor | D21: Luminaria de alumbrado publico | E21: GDS | F21: - | G21: A-7456-2025-RP-32 | H21: - | I21: =IF(B21="","","LENC") -> LENC | J21: =IF(B21="","",TEXT(B21,"yy")) -> 26 | K21: I 0052 / I 0057 | L21: 1 | M21: N/E | N21: H7 | O21: Almacenado | P21: Está
A22: =IF(B22="","",COUNTA($B$7:B21)) -> 15 | B22: 46038 | C22: NYCE | D22: Base de estufa | E22: LCI | F22: - | G22: N/E | H22: - | I22: =IF(B22="","","LENC") -> LENC | J22: =IF(B22="","",TEXT(B22,"yy")) -> 26 | K22: I 1247 | L22: 2 | M22: C 0924 | N22: D3 | O22: En curso
A23: =IF(B23="","",COUNTA($B$7:B22)) -> 16 | B23: 46041 | C23: Whirlpool | D23: Lavadoras | E23: Whirlpool | F23: - | G23: N/E | H23: - | I23: =IF(B23="","","LENC") -> LENC | J23: =IF(B23="","",TEXT(B23,"yy")) -> 26 | K23: N/E | L23: 6 | M23: N/E | N23: 33 | O23: Enviado | P23: Recogido por Cliente
A24: =IF(B24="","",COUNTA($B$7:B23)) -> 17 | B24: 46013 | C24: Cidet | D24: Cables | E24: N/E | F24: - | G24: 25149 / 25138 | H24: - | I24: =IF(B24="","","LENC") -> LENC | J24: =IF(B24="","",TEXT(B24,"yy")) -> 25 | K24: I 0014 | L24: 2 | M24: C 0024 | N24: Z1 | O24: En custodia
A25: =IF(B25="","",COUNTA($B$7:B24)) -> 18 | B25: 46029 | C25: Cidet | D25: Encerramiento metálico | E25: Gim | F25: - | G25: CP25-407667-01 | H25: - | I25: =IF(B25="","","LENC") -> LENC | J25: =IF(B25="","",TEXT(B25,"yy")) -> 26 | K25: I 1266 | L25: 1 | M25: C 1224 | N25: 10 | O25: Enviado
A26: =IF(B26="","",COUNTA($B$7:B25)) -> 19 | B26: 46046 | C26: NYCE / ELECTRICOS DEL RUIZ | D26: Bombillos G45 | E26: KARLUZ | F26: - | G26: 12535 / 12536 | H26: - | I26: =IF(B26="","","LENC") -> LENC | J26: =IF(B26="","",TEXT(B26,"yy")) -> 26 | K26: I 0172 | L26: 2 | M26: C 0170 | N26: Steven | O26: En curso
A27: =IF(B27="","",COUNTA($B$7:B26)) -> 20 | B27: 46048 | C27: Incoltapas | D27: Fondos y chapolas | E27: Incoltapas | F27: - | G27: Varias | H27: - | I27: =IF(B27="","","LENC") -> LENC | J27: =IF(B27="","",TEXT(B27,"yy")) -> 26 | K27: N/E | L27: 10 | M27: N/E | N27: Z1 | O27: En custodia
A28: =IF(B28="","",COUNTA($B$7:B27)) -> 21 | B28: 46052 | C28: NYCE | D28: Transformador 150 KVA | F28: - | G28: N/E | H28: - | I28: =IF(B28="","","LENC") -> LENC | J28: =IF(B28="","",TEXT(B28,"yy")) -> 26 | K28: N/E | L28: 1 | M28: N/E | N28: K1 | O28: En custodia
A29: =IF(B29="","",COUNTA($B$7:B28)) -> 22 | B29: 46052 | C29: SGS | D29: Encerramiento metálico | E29: CDM TRANSFORMADORES | F29: - | G29: N/E | H29: - | I29: =IF(B29="","","LENC") -> LENC | J29: =IF(B29="","",TEXT(B29,"yy")) -> 26 | K29: I 0188 / 0189 | L29: 1 | M29: C 1134 | N29: 69 | O29: Enviado
A30: =IF(B30="","",COUNTA($B$7:B29)) -> 23 | B30: 46051 | C30: Certecnica | D30: Probetas metalicas | E30: N/E | F30: - | G30: 01322 - 01323 - 01324 - 01325 | H30: - | I30: =IF(B30="","","LENC") -> LENC | J30: =IF(B30="","",TEXT(B30,"yy")) -> 26 | K30: N/E | L30: 1 | M30: N/E | N30: Z2 | O30: En custodia
A31: =IF(B31="","",COUNTA($B$7:B30)) -> 24 | B31: 46051 | C31: NYCE | D31: Protector de voltaje | E31: Forza | F31: - | G31: N/E | H31: - | I31: =IF(B31="","","LENC") -> LENC | J31: =IF(B31="","",TEXT(B31,"yy")) -> 26 | K31: I 0225 | L31: 6 | M31: C 0154 | N31: H5 | O31: Almacenado | P31: Está
A32: =IF(B32="","",COUNTA($B$7:B31)) -> 25 | B32: 46051 | C32: Meico | D32: Bombillo 100W | E32: FullWat | F32: - | G32: N/E | H32: - | I32: =IF(B32="","","LENC") -> LENC | J32: =IF(B32="","",TEXT(B32,"yy")) -> 26 | K32: I 0175 | L32: 4 | M32: C 0085 | N32: 38 | O32: Enviado | P32: Recogido por cliente
A33: =IF(B33="","",COUNTA($B$7:B32)) -> 26 | B33: 46051 | C33: Meico | D33: Bombillo 40W | E33: FullWat | F33: - | G33: N/E | H33: - | I33: =IF(B33="","","LENC") -> LENC | J33: =IF(B33="","",TEXT(B33,"yy")) -> 26 | K33: I 0175 | L33: 2 | M33: C 0085 | N33: 38 | O33: Enviado | P33: Recogido por cliente
A34: =IF(B34="","",COUNTA($B$7:B33)) -> 27 | B34: 46050 | C34: SELDA1 | D34: Breaker 100A | E34: Blox | F34: - | G34: 18879 | H34: - | I34: =IF(B34="","","LENC") -> LENC | J34: =IF(B34="","",TEXT(B34,"yy")) -> 26 | K34: I 0325 | L34: 1 | M34: C 0247 | N34: B3 | O34: Almacenado
A35: =IF(B35="","",COUNTA($B$7:B34)) -> 28 | B35: 46050 | C35: SELDA1 | D35: Contactor 80A | E35: Blox | F35: - | G35: 18880 | H35: - | I35: =IF(B35="","","LENC") -> LENC | J35: =IF(B35="","",TEXT(B35,"yy")) -> 26 | K35: I 0325 | L35: 1 | M35: C 0247 | N35: B3 | O35: Almacenado
A36: =IF(B36="","",COUNTA($B$7:B35)) -> 29 | B36: 46050 | C36: SELDA1 | D36: Contactor 32A | E36: Blox | F36: - | G36: 18878 | H36: - | I36: =IF(B36="","","LENC") -> LENC | J36: =IF(B36="","",TEXT(B36,"yy")) -> 26 | K36: I 0325 | L36: 1 | M36: C 0247 | N36: B3 | O36: Almacenado
A37: =IF(B37="","",COUNTA($B$7:B36)) -> 30 | B37: 46050 | C37: SELDA1 | D37: Conector industrial 125A | E37: Blox | F37: - | G37: 18883 | H37: - | I37: =IF(B37="","","LENC") -> LENC | J37: =IF(B37="","",TEXT(B37,"yy")) -> 26 | K37: I 0325 | L37: 1 | M37: C 0247 | N37: B3 | O37: Almacenado
A38: =IF(B38="","",COUNTA($B$7:B37)) -> 31 | B38: 46050 | C38: SELDA1 | D38: Conector industrial 63A | E38: Blox | F38: - | G38: 18884 | H38: - | I38: =IF(B38="","","LENC") -> LENC | J38: =IF(B38="","",TEXT(B38,"yy")) -> 26 | K38: I 0325 | L38: 1 | M38: C 0247 | N38: B3 | O38: Almacenado
A39: =IF(B39="","",COUNTA($B$7:B38)) -> 32 | B39: 46050 | C39: SELDA1 | D39: Conector industrial 32A | E39: Blox | F39: - | G39: 18882 | H39: - | I39: =IF(B39="","","LENC") -> LENC | J39: =IF(B39="","",TEXT(B39,"yy")) -> 26 | K39: I 0325 | L39: 1 | M39: C 0247 | N39: B3 | O39: Almacenado
A40: =IF(B40="","",COUNTA($B$7:B39)) -> 33 | B40: 46050 | C40: SELDA1 | D40: Conector industrial 16A | E40: Blox | F40: - | G40: 18881 | H40: - | I40: =IF(B40="","","LENC") -> LENC | J40: =IF(B40="","",TEXT(B40,"yy")) -> 26 | K40: I 0325 | L40: 1 | M40: C 0247 | N40: 27 | O40: Laboratorio Externo
A41: =IF(B41="","",COUNTA($B$7:B40)) -> 34 | B41: 46050 | C41: SELDA1 | D41: Breaker C40 | E41: Blox | F41: - | G41: 18885 | H41: - | I41: =IF(B41="","","LENC") -> LENC | J41: =IF(B41="","",TEXT(B41,"yy")) -> 26 | K41: N/E | L41: 1 | M41: N/E | N41: Steven | O41: En curso
A42: =IF(B42="","",COUNTA($B$7:B41)) -> 35 | B42: 46051 | C42: NYCE | D42: Conector | E42: Finder | F42: - | G42: 20859 | H42: - | I42: =IF(B42="","","LENC") -> LENC | J42: =IF(B42="","",TEXT(B42,"yy")) -> 26 | K42: I 0231 | L42: 1 | M42: N/E | N42: E3 | O42: Almacenado
A43: =IF(B43="","",COUNTA($B$7:B42)) -> 36 | B43: 46055 | C43: Vtek | D43: Interruptor doble | E43: Vtek | F43: - | G43: 20297 | H43: - | I43: =IF(B43="","","LENC") -> LENC | J43: =IF(B43="","",TEXT(B43,"yy")) -> 26 | K43: I 1219 | L43: 1 | M43: C 1268 | N43: Z2 | O43: En custodia
A44: =IF(B44="","",COUNTA($B$7:B43)) -> 37 | B44: 46051 | C44: Vtek | D44: Porta lampara decorativa | E44: Vtek | F44: - | G44: 20260 | H44: - | I44: =IF(B44="","","LENC") -> LENC | J44: =IF(B44="","",TEXT(B44,"yy")) -> 26 | K44: I 0298 - 0299 | L44: 1 | M44: C 0158 | N44: 45 | O44: Enviado
A45: =IF(B45="","",COUNTA($B$7:B44)) -> 38 | B45: 46051 | C45: Vtek | D45: Luminaria lineal en aluminio | E45: Vtek | F45: - | G45: 20270 | H45: - | I45: =IF(B45="","","LENC") -> LENC | J45: =IF(B45="","",TEXT(B45,"yy")) -> 26 | K45: I 0298 - 0299 | L45: 1 | M45: C 0158 | N45: 45 | O45: Enviado
A46: =IF(B46="","",COUNTA($B$7:B45)) -> 39 | B46: 46051 | C46: Vtek | D46: Luminaria lineal en aluminio | E46: Vtek | F46: - | G46: 20269 | H46: - | I46: =IF(B46="","","LENC") -> LENC | J46: =IF(B46="","",TEXT(B46,"yy")) -> 26 | K46: I 0298 - 0299 | L46: 1 | M46: C 0158 | N46: 45 | O46: Enviado
A47: =IF(B47="","",COUNTA($B$7:B46)) -> 40 | B47: 46051 | C47: Vtek | D47: Luminaria lineal | E47: Vtek | F47: - | G47: 20247 | H47: - | I47: =IF(B47="","","LENC") -> LENC | J47: =IF(B47="","",TEXT(B47,"yy")) -> 26 | K47: I 0298 - 0299 | L47: 1 | M47: C 0158 | N47: 45 | O47: Enviado
A48: =IF(B48="","",COUNTA($B$7:B47)) -> 41 | B48: 46051 | C48: Vtek | D48: Luminaria para riel | E48: Vtek | F48: - | G48: 20253 | H48: - | I48: =IF(B48="","","LENC") -> LENC | J48: =IF(B48="","",TEXT(B48,"yy")) -> 26 | K48: I 0298 - 0299 | L48: 1 | M48: C 0158 | N48: 45 | O48: Enviado
A49: =IF(B49="","",COUNTA($B$7:B48)) -> 42 | B49: 46051 | C49: Vtek | D49: Luminaria colgante | E49: Vtek | F49: - | G49: 20261 | H49: - | I49: =IF(B49="","","LENC") -> LENC | J49: =IF(B49="","",TEXT(B49,"yy")) -> 26 | K49: I 0298 - 0299 | L49: 1 | M49: C 0158 | N49: 45 | O49: Enviado
A50: =IF(B50="","",COUNTA($B$7:B49)) -> 43 | B50: 46051 | C50: TECNICELDAS | D50: Caja de paso 10x08x50cm | E50: TECNICELDAS | F50: - | G50: 21326 | H50: - | I50: =IF(B50="","","LENC") -> LENC | J50: =IF(B50="","",TEXT(B50,"yy")) -> 26 | K50: N/E | L50: 1 | M50: N/E | N50: K1 | O50: En custodia
A51: =IF(B51="","",COUNTA($B$7:B50)) -> 44 | B51: 46051 | C51: TECNICELDAS | D51: Encerramiento metálico inoxidable | E51: TECNICELDAS | F51: - | G51: 21320 | H51: - | I51: =IF(B51="","","LENC") -> LENC | J51: =IF(B51="","",TEXT(B51,"yy")) -> 26 | K51: N/E | L51: 1 | M51: N/E | N51: K1 | O51: En custodia
A52: =IF(B52="","",COUNTA($B$7:B51)) -> 45 | B52: 46051 | C52: TECNICELDAS | D52: Encerramiento metálico | E52: TECNICELDAS | F52: - | G52: 21327 | H52: - | I52: =IF(B52="","","LENC") -> LENC | J52: =IF(B52="","",TEXT(B52,"yy")) -> 26 | K52: I 0187 | L52: 1 | M52: C 0171 | N52: C 0171 | O52: En curso
A53: =IF(B53="","",COUNTA($B$7:B52)) -> 46 | B53: 46051 | C53: TECNICELDAS | D53: Probeta policarbonato 50x50cm | E53: TECNICELDAS | F53: - | G53: 21322 | H53: - | I53: =IF(B53="","","LENC") -> LENC | J53: =IF(B53="","",TEXT(B53,"yy")) -> 26 | K53: N/E | L53: 1 | M53: N/E | N53: K1 | O53: En custodia
A54: =IF(B54="","",COUNTA($B$7:B53)) -> 47 | B54: 46051 | C54: TECNICELDAS | D54: Probeta metálica 50x50cm | E54: TECNICELDAS | F54: - | G54: 21321 | H54: - | I54: =IF(B54="","","LENC") -> LENC | J54: =IF(B54="","",TEXT(B54,"yy")) -> 26 | K54: N/E | L54: 1 | M54: N/E | N54: 21 | O54: Enviado | P54: Cidet
A55: =IF(B55="","",COUNTA($B$7:B54)) -> 48 | B55: 46051 | C55: TECNICELDAS | D55: Probetas metálicas 20x20cm | E55: TECNICELDAS | F55: - | G55: 21323 - 21324 - 21325 | H55: - | I55: =IF(B55="","","LENC") -> LENC | J55: =IF(B55="","",TEXT(B55,"yy")) -> 26 | K55: I 0303 | L55: 3 | M55: N/E | O55: Almacenado
A56: =IF(B56="","",COUNTA($B$7:B55)) -> 49 | B56: 46052 | C56: Lenor | D56: Encerramiento plastico | E56: Tibox | F56: - | G56: A-0198-2026 | H56: - | I56: =IF(B56="","","LENC") -> LENC | J56: =IF(B56="","",TEXT(B56,"yy")) -> 26 | K56: I 0185 / 0186 | L56: 1 | M56: C 0156 | N56: 100 | O56: Enviado
A57: =IF(B57="","",COUNTA($B$7:B56)) -> 50 | B57: 46055 | C57: SGS | D57: Canaleta plastica | E57: Acme Leon | F57: - | G57: 88609 | H57: - | I57: =IF(B57="","","LENC") -> LENC | J57: =IF(B57="","",TEXT(B57,"yy")) -> 26 | K57: I 0273 | L57: 1 | M57: C 0172 | N57: A1 | O57: Almacenado
A58: =IF(B58="","",COUNTA($B$7:B57)) -> 51 | B58: 46056 | C58: SGS | D58: Caja de paso 20x20cm | E58: Acme Leon | F58: - | G58: 88612 - 88614 - 88613 - 88611 - 88610 | H58: - | I58: =IF(B58="","","LENC") -> LENC | J58: =IF(B58="","",TEXT(B58,"yy")) -> 26 | K58: I 0273 | L58: 5 | M58: C 0172 | N58: A1 | O58: Almacenado
A59: =IF(B59="","",COUNTA($B$7:B58)) -> 52 | B59: 46057 | C59: SGS | D59: Caja de paso 30x30cm | E59: Acme Leon | F59: - | G59: 88615 - 88616 - 88617 - 88618 - 88619 | H59: - | I59: =IF(B59="","","LENC") -> LENC | J59: =IF(B59="","",TEXT(B59,"yy")) -> 26 | K59: I 0273 | L59: 5 | M59: C 0172 | N59: A1 | O59: Almacenado
A60: =IF(B60="","",COUNTA($B$7:B59)) -> 53 | B60: 45958 | C60: Certecnica | D60: Encerramiento metalico | E60: N/E | F60: - | G60: 01289 | H60: - | I60: =IF(B60="","","LENC") -> LENC | J60: =IF(B60="","",TEXT(B60,"yy")) -> 25 | K60: I 1083 | L60: 1 | M60: C 0340 | N60: 1 | O60: Enviado
A61: =IF(B61="","",COUNTA($B$7:B60)) -> 54 | B61: 45958 | C61: Certecnica | D61: Encerramiento metalico | E61: N/E | F61: - | G61: 0667 | H61: - | I61: =IF(B61="","","LENC") -> LENC | J61: =IF(B61="","",TEXT(B61,"yy")) -> 25 | K61: I 1084 | L61: 2 | M61: C 0341 | N61: 1 | O61: Enviado
A62: =IF(B62="","",COUNTA($B$7:B61)) -> 55 | B62: 46031 | C62: Vtek | D62: Interruptores domesticos | E62: N/E | F62: - | G62: 19412/19413 | H62: - | I62: =IF(B62="","","LENC") -> LENC | J62: =IF(B62="","",TEXT(B62,"yy")) -> 26 | K62: I 0097 | L62: 2 | M62: C 0103 | N62: F5 | O62: Almacenado
A63: =IF(B63="","",COUNTA($B$7:B62)) -> 56 | B63: 46052 | C63: Iticcol | D63: Cargador vehicular | E63: Huawei | F63: - | G63: BSP-M-6145 | H63: - | I63: =IF(B63="","","LENC") -> LENC | J63: =IF(B63="","",TEXT(B63,"yy")) -> 26 | K63: I 0178 | L63: 1 | M63: C 0152 | N63: 12 | O63: Enviado
A64: =IF(B64="","",COUNTA($B$7:B63)) -> 57 | B64: 46056 | C64: Qcert | D64: Tablero 1000A S:1572 | E64: P&T Ingenieros | F64: - | G64: 6058 | H64: - | I64: =IF(B64="","","LENC") -> LENC | J64: =IF(B64="","",TEXT(B64,"yy")) -> 26 | K64: N/E | L64: 1 | M64: N/E | N64: K2 | O64: En custodia
A65: =IF(B65="","",COUNTA($B$7:B64)) -> 58 | B65: 46056 | C65: Qcert | D65: Tablero 2500A S:1573 | E65: P&T Ingenieros | F65: - | G65: 6059 | H65: - | I65: =IF(B65="","","LENC") -> LENC | J65: =IF(B65="","",TEXT(B65,"yy")) -> 26 | K65: N/E | L65: 1 | M65: N/E | N65: K2 | O65: En custodia
A66: =IF(B66="","",COUNTA($B$7:B65)) -> 59 | B66: 46056 | C66: Qcert | D66: Control motores S:1576 | E66: P&T Ingenieros | F66: - | G66: 6060 | H66: - | I66: =IF(B66="","","LENC") -> LENC | J66: =IF(B66="","",TEXT(B66,"yy")) -> 26 | K66: N/E | L66: 1 | M66: N/E | N66: K2 | O66: En custodia
A67: =IF(B67="","",COUNTA($B$7:B66)) -> 60 | B67: 46056 | C67: Qcert | D67: Banco de condensadores S:1574 | E67: P&T Ingenieros | F67: - | G67: 6054 | H67: - | I67: =IF(B67="","","LENC") -> LENC | J67: =IF(B67="","",TEXT(B67,"yy")) -> 26 | K67: N/E | L67: 1 | M67: N/E | N67: K2 | O67: En custodia
A68: =IF(B68="","",COUNTA($B$7:B67)) -> 61 | B68: 46056 | C68: Qcert | D68: Banco de condensadores S:1575 | E68: P&T Ingenieros | F68: - | G68: 6055 | H68: - | I68: =IF(B68="","","LENC") -> LENC | J68: =IF(B68="","",TEXT(B68,"yy")) -> 26 | K68: N/E | L68: 1 | M68: N/E | N68: K2 | O68: En custodia
A69: =IF(B69="","",COUNTA($B$7:B68)) -> 62 | B69: 46056 | C69: Vtek | D69: Luminaria 3W | E69: Led Gold | F69: - | G69: 20309 - 20310 | H69: - | I69: =IF(B69="","","LENC") -> LENC | J69: =IF(B69="","",TEXT(B69,"yy")) -> 26 | K69: I 0190 | L69: 2 | M69: C 0182 | N69: Z2 | O69: En custodia
A70: =IF(B70="","",COUNTA($B$7:B69)) -> 63 | B70: 46056 | C70: Certicheck | D70: Probetas 10x10cm | E70: N/E | F70: - | G70: PC-25-144-014 | H70: - | I70: =IF(B70="","","LENC") -> LENC | J70: =IF(B70="","",TEXT(B70,"yy")) -> 26 | K70: N/E | L70: 4 | M70: N/E | N70: Probetas | O70: En custodia
A71: =IF(B71="","",COUNTA($B$7:B70)) -> 64 | B71: 46056 | C71: Certicheck | D71: Tornillos y tuercas | E71: N/E | F71: - | G71: PC-25-144-014 | H71: - | I71: =IF(B71="","","LENC") -> LENC | J71: =IF(B71="","",TEXT(B71,"yy")) -> 26 | K71: N/E | L71: 2 | M71: N/E | N71: Probetas | O71: En custodia
A72: =IF(B72="","",COUNTA($B$7:B71)) -> 65 | B72: 46056 | C72: Cidet | D72: Probetas metálicas | E72: N/E | F72: - | G72: 1G | H72: - | I72: =IF(B72="","","LENC") -> LENC | J72: =IF(B72="","",TEXT(B72,"yy")) -> 26 | K72: N/E | L72: 3 | M72: N/E | N72: Probetas | O72: En custodia
A73: =IF(B73="","",COUNTA($B$7:B72)) -> 66 | B73: 46056 | C73: Cidet | D73: Probetas metálicas, tornillos, bisagras y llaves | E73: N/E | F73: - | G73: 2 | H73: - | I73: =IF(B73="","","LENC") -> LENC | J73: =IF(B73="","",TEXT(B73,"yy")) -> 26 | K73: N/E | L73: 4 | M73: N/E | N73: Probetas | O73: En custodia
A74: =IF(B74="","",COUNTA($B$7:B73)) -> 67 | B74: 46056 | C74: Cidet | D74: Probeta policarbonato 20x20cm | E74: N/E | F74: - | G74: 396771-08 | H74: - | I74: =IF(B74="","","LENC") -> LENC | J74: =IF(B74="","",TEXT(B74,"yy")) -> 26 | K74: N/E | L74: 1 | M74: N/E | N74: Probetas | O74: En custodia
A75: =IF(B75="","",COUNTA($B$7:B74)) -> 68 | B75: 46056 | C75: Lenor | D75: Probetas metálica | E75: N/E | F75: - | G75: A-0504-2026 | H75: - | I75: =IF(B75="","","LENC") -> LENC | J75: =IF(B75="","",TEXT(B75,"yy")) -> 26 | K75: I 0191 - 0192 | L75: 1 | M75: C 0173 | N75: 18 | O75: Enviado
A76: =IF(B76="","",COUNTA($B$7:B75)) -> 69 | B76: 46056 | C76: Lenor | D76: Encerramiento 30x20 | E76: N/E | F76: - | G76: A-0439-2026 | H76: - | I76: =IF(B76="","","LENC") -> LENC | J76: =IF(B76="","",TEXT(B76,"yy")) -> 26 | K76: I 0191 - 0192 | L76: 1 | M76: C 0173 | N76: 9 | O76: Enviado
A77: =IF(B77="","",COUNTA($B$7:B76)) -> 70 | B77: 46056 | C77: Lenor | D77: Tuercas, tornillos, aisladores | E77: N/E | F77: - | G77: A-0506-2026 | H77: - | I77: =IF(B77="","","LENC") -> LENC | J77: =IF(B77="","",TEXT(B77,"yy")) -> 26 | K77: I 0191 - 0192 | L77: 1 | M77: C 0173 | N77: D2 | O77: En custodia
A78: =IF(B78="","",COUNTA($B$7:B77)) -> 71 | B78: 46056 | C78: Lenor | D78: Tuercas, tornillos, aisladores | E78: N/E | F78: - | G78: A-0507-2026 | H78: - | I78: =IF(B78="","","LENC") -> LENC | J78: =IF(B78="","",TEXT(B78,"yy")) -> 26 | K78: I 0191 - 0192 | L78: 1 | M78: C 0173 | N78: D2 | O78: En custodia
A79: =IF(B79="","",COUNTA($B$7:B78)) -> 72 | B79: 46056 | C79: Lenor | D79: Encerramiento metálico 40x25cm | E79: N/E | F79: - | G79: A-0437-2026 | H79: - | I79: =IF(B79="","","LENC") -> LENC | J79: =IF(B79="","",TEXT(B79,"yy")) -> 26 | K79: I 0191 - 0192 | L79: 1 | M79: C 0173 | N79: 18 | O79: Enviado
A80: =IF(B80="","",COUNTA($B$7:B79)) -> 73 | B80: 46002 | C80: NYCE | D80: Luminaria decorativa | E80: Tecnolite | F80: - | G80: 21045 | H80: - | I80: =IF(B80="","","LENC") -> LENC | J80: =IF(B80="","",TEXT(B80,"yy")) -> 25 | K80: N/E | L80: 1 | M80: N/E | N80: 2 | O80: Enviado
A81: =IF(B81="","",COUNTA($B$7:B80)) -> 74 | B81: 46002 | C81: NYCE | D81: Luminaria decorativa | E81: Tecnolite | F81: - | G81: 18637 | H81: - | I81: =IF(B81="","","LENC") -> LENC | J81: =IF(B81="","",TEXT(B81,"yy")) -> 25 | K81: N/E | L81: 1 | M81: N/E | N81: 2 | O81: Laboratorio Externo
A82: =IF(B82="","",COUNTA($B$7:B81)) -> 75 | B82: 46002 | C82: NYCE | D82: Luminaria decorativa | E82: Tecnolite | F82: - | G82: 21018 | H82: - | I82: =IF(B82="","","LENC") -> LENC | J82: =IF(B82="","",TEXT(B82,"yy")) -> 25 | K82: N/E | L82: 1 | M82: N/E | N82: 2 | O82: Enviado
A83: =IF(B83="","",COUNTA($B$7:B82)) -> 76 | B83: 46002 | C83: NYCE | D83: Luminaria decorativa | E83: Tecnolite | F83: - | G83: 21028 | H83: - | I83: =IF(B83="","","LENC") -> LENC | J83: =IF(B83="","",TEXT(B83,"yy")) -> 25 | K83: N/E | L83: 1 | M83: N/E | N83: 2 | O83: Enviado
A84: =IF(B84="","",COUNTA($B$7:B83)) -> 77 | B84: 46002 | C84: NYCE | D84: Luminaria decorativa | E84: Tecnolite | F84: - | G84: 21050 | H84: - | I84: =IF(B84="","","LENC") -> LENC | J84: =IF(B84="","",TEXT(B84,"yy")) -> 25 | K84: N/E | L84: 1 | M84: N/E | N84: 2 | O84: Enviado
A85: =IF(B85="","",COUNTA($B$7:B84)) -> 78 | B85: 46002 | C85: NYCE | D85: Luminaria decorativa | E85: Tecnolite | F85: - | G85: 21039 | H85: - | I85: =IF(B85="","","LENC") -> LENC | J85: =IF(B85="","",TEXT(B85,"yy")) -> 25 | K85: N/E | L85: 1 | M85: N/E | N85: 2 | O85: Enviado
A86: =IF(B86="","",COUNTA($B$7:B85)) -> 79 | B86: 46002 | C86: NYCE | D86: Luminaria decorativa | E86: Tecnolite | F86: - | G86: 21042 | H86: - | I86: =IF(B86="","","LENC") -> LENC | J86: =IF(B86="","",TEXT(B86,"yy")) -> 25 | K86: N/E | L86: 1 | M86: N/E | N86: 2 | O86: Enviado
A87: =IF(B87="","",COUNTA($B$7:B86)) -> 80 | B87: 46002 | C87: NYCE | D87: Luminaria decorativa | E87: Tecnolite | F87: - | G87: 21046 | H87: - | I87: =IF(B87="","","LENC") -> LENC | J87: =IF(B87="","",TEXT(B87,"yy")) -> 25 | K87: N/E | L87: 1 | M87: N/E | N87: 2 | O87: Enviado
A88: =IF(B88="","",COUNTA($B$7:B87)) -> 81 | B88: 46024 | C88: ASC Electronica | D88: Ups 500VA | E88: Magom | F88: - | G88: 19098 | H88: - | I88: =IF(B88="","","LENC") -> LENC | J88: =IF(B88="","",TEXT(B88,"yy")) -> 26 | K88: I 0006 | L88: 1 | M88: N/E | N88: 65 | O88: Enviado
A89: =IF(B89="","",COUNTA($B$7:B88)) -> 82 | B89: 46024 | C89: ASC Electronica | D89: Reguladores Electronicos de voltaje | E89: Magom | F89: - | G89: 19100 - 19101 | H89: - | I89: =IF(B89="","","LENC") -> LENC | J89: =IF(B89="","",TEXT(B89,"yy")) -> 26 | K89: I 0005 | L89: 2 | M89: N/E | N89: 65 | O89: Enviado
A90: =IF(B90="","",COUNTA($B$7:B89)) -> 83 | B90: 46024 | C90: ASC Electronica | D90: Protector de voltaje | E90: Magom | F90: - | G90: 19103 | H90: - | I90: =IF(B90="","","LENC") -> LENC | J90: =IF(B90="","",TEXT(B90,"yy")) -> 26 | K90: N/E | L90: 1 | M90: N/E | N90: 65 | O90: Enviado
A91: =IF(B91="","",COUNTA($B$7:B90)) -> 84 | B91: 46024 | C91: ASC Electronica | D91: Protector de voltaje | E91: Magom | F91: - | G91: 19105 | H91: - | I91: =IF(B91="","","LENC") -> LENC | J91: =IF(B91="","",TEXT(B91,"yy")) -> 26 | K91: I 0004 | L91: 1 | M91: N/E | N91: 65 | O91: Enviado
A92: =IF(B92="","",COUNTA($B$7:B91)) -> 85 | B92: 46024 | C92: ASC Electronica | D92: Multitoma industrial | E92: Magom | F92: - | G92: 19106 - 19107 | H92: - | I92: =IF(B92="","","LENC") -> LENC | J92: =IF(B92="","",TEXT(B92,"yy")) -> 26 | K92: N/E | L92: 1 | M92: N/E | N92: 65 | O92: Enviado
A93: =IF(B93="","",COUNTA($B$7:B92)) -> 86 | B93: 46024 | C93: ASC Electronica | D93: Multitoma industrial | E93: Magom | F93: - | G93: 19107 | H93: - | I93: =IF(B93="","","LENC") -> LENC | J93: =IF(B93="","",TEXT(B93,"yy")) -> 26 | K93: N/E | L93: 1 | M93: N/E | N93: 2 | O93: Enviado
A94: =IF(B94="","",COUNTA($B$7:B93)) -> 87 | B94: 46024 | C94: ASC Electronica | D94: Transformador de aislamiento | E94: Magom | F94: - | G94: 19109 | H94: - | I94: =IF(B94="","","LENC") -> LENC | J94: =IF(B94="","",TEXT(B94,"yy")) -> 26 | K94: I 0008 | L94: 1 | M94: N/E | N94: 65 | O94: Enviado
A95: =IF(B95="","",COUNTA($B$7:B94)) -> 88 | B95: 46058 | C95: ALC | D95: Rotulo metálico | E95: ALC | F95: - | G95: 00579 | H95: - | I95: =IF(B95="","","LENC") -> LENC | J95: =IF(B95="","",TEXT(B95,"yy")) -> 26 | K95: N/E | L95: 1 | M95: N/E | N95: Z2 | O95: Almacenado
A96: =IF(B96="","",COUNTA($B$7:B95)) -> 89 | B96: 46043 | C96: ASC Electronica | D96: Multitoma 6 puertos | E96: Magom | F96: - | G96: 20852 | H96: - | I96: =IF(B96="","","LENC") -> LENC | J96: =IF(B96="","",TEXT(B96,"yy")) -> 26 | K96: I 0003 | L96: 1 | M96: N/E | N96: 65 | O96: Enviado
A97: =IF(B97="","",COUNTA($B$7:B96)) -> 90 | B97: 46038 | C97: NYCE | D97: Reflector 50W | E97: Tecnolite | F97: - | G97: 20829 | H97: - | I97: =IF(B97="","","LENC") -> LENC | J97: =IF(B97="","",TEXT(B97,"yy")) -> 26 | K97: I 0162 | L97: 1 | M97: C 0108 | N97: Steven | O97: En curso
A98: =IF(B98="","",COUNTA($B$7:B97)) -> 91 | B98: 46052 | C98: Cidet | D98: Celda de media tensión | E98: K&V Ingenieria | F98: - | G98: 30125 | H98: - | I98: =IF(B98="","","LENC") -> LENC | J98: =IF(B98="","",TEXT(B98,"yy")) -> 26 | K98: I 0012 | L98: 1 | M98: C 0016 | N98: 30 | O98: Enviado
A99: =IF(B99="","",COUNTA($B$7:B98)) -> 92 | B99: 45994 | C99: Distecsa | D99: Riel 2m | E99: NewLighting | F99: - | G99: 20880 | H99: - | I99: =IF(B99="","","LENC") -> LENC | J99: =IF(B99="","",TEXT(B99,"yy")) -> 25 | K99: I 0072 | L99: 1 | M99: C 0049 | N99: Steven | O99: En curso
A100: =IF(B100="","",COUNTA($B$7:B99)) -> 93 | B100: 46048 | C100: NYCE | D100: Bombilla | E100: Karluz | F100: - | G100: 12536 | H100: - | I100: =IF(B100="","","LENC") -> LENC | J100: =IF(B100="","",TEXT(B100,"yy")) -> 26 | K100: N/E | L100: 1 | M100: N/E | N100: G3 | O100: Almacenado
A101: =IF(B101="","",COUNTA($B$7:B100)) -> 94 | B101: 46051 | C101: NYCE | D101: Bombillos | E101: Roblan | F101: - | G101: 18867/18866 | H101: - | I101: =IF(B101="","","LENC") -> LENC | J101: =IF(B101="","",TEXT(B101,"yy")) -> 26 | K101: N/E | L101: 2 | M101: N/E | N101: D3 | O101: En custodia
A102: =IF(B102="","",COUNTA($B$7:B101)) -> 95 | B102: 46051 | C102: NYCE | D102: Luminaria exterior | E102: Roblan | F102: - | G102: 18868 | H102: - | I102: =IF(B102="","","LENC") -> LENC | J102: =IF(B102="","",TEXT(B102,"yy")) -> 26 | K102: I 0260 | L102: 1 | M102: N/E | N102: C2 | O102: Almacenado
...

Sheet REMISIÓN 2026
A2: REMISIÓN DE MUESTRAS
K3: F9T09-02
F4: FECHA DE ELABORACIÓN | G4: =TODAY() -> 46217 | I4: CONSECUTIVO | J4: 109
B7: LABORATORIO DE ENSAYOS NYCE COLOMBIA S.A.S | N7: 0
B9: CLIENTE | D9: =IF(M12>0,(UPPER(_xlfn.XLOOKUP(M12,CONTROL_MUESTRAS_2026!A:A,CONTROL_MUESTRAS_2026!C:C,"No encontrado",0))),"") -> NICOMAR ELECTRONICS | G9: TIPO DE SALIDA | I9: Solicitado por personal de Nyce
B11: IDENTIFICACIÓN INTERNA | D11: IDENTIFICACIÓN EXTERNA | E11: DESCRIPCIÓN | G11: FABRICANTE /MARCA | H11: OBSERVACIONES | J11: FECHA DE RECEPCIÓN | K11: FECHA DE ENTREGA | M11: PEGAR AQUÍ ÍTEM ︾
B12: {=IF(M12>0,(UPPER(_xlfn.XLOOKUP(M12,CONTROL_MUESTRAS_2026!A:A,CONCATENATE(CONTROL_MUESTRAS_2026!I:I," - ",CONTROL_MUESTRAS_2026!J:J," - ",CONTROL_MUESTRAS_2026!K:K),"No encontrado",0))),"")} -> LENC - 26 - N/E | D12: =IF(M12>0,(UPPER(_xlfn.XLOOKUP(M12,CONTROL_MUESTRAS_2026!A:A,CONTROL_MUESTRAS_2026!G:G,"No encontrado",0))),"") -> 21714 | E12: =IF(M12>0,(UPPER(_xlfn.XLOOKUP(M12,CONTROL_MUESTRAS_2026!A:A,CONTROL_MUESTRAS_2026!D:D,"No encontrado",0))),"") -> MULTITOMA FIJA | G12: =IF(M12>0,(UPPER(_xlfn.XLOOKUP(M12,CONTROL_MUESTRAS_2026!A:A,CONTROL_MUESTRAS_2026!E:E,"No encontrado",0))),"") -> POWEST | H12: Ninguna | J12: =IF(M12>0,TEXT(_xlfn.XLOOKUP(M12,CONTROL_MUESTRAS_2026!A:A,CONTROL_MUESTRAS_2026!B:B,"No encontrado",0),"yyyy-mm-dd"),"") -> 2026-06-18 | K12: =$G$4 -> 46217 | M12: 745 | P12: Soloicitado por personal de producto
B13: {=IF(M13>0,(UPPER(_xlfn.XLOOKUP(M13,CONTROL_MUESTRAS_2026!A:A,CONCATENATE(CONTROL_MUESTRAS_2026!I:I," - ",CONTROL_MUESTRAS_2026!J:J," - ",CONTROL_MUESTRAS_2026!K:K),"No encontrado",0))),"")} | D13: =IF(M13>0,(UPPER(_xlfn.XLOOKUP(M13,CONTROL_MUESTRAS_2026!A:A,CONTROL_MUESTRAS_2026!G:G,"No encontrado",0))),"") | E13: =IF(M13>0,(UPPER(_xlfn.XLOOKUP(M13,CONTROL_MUESTRAS_2026!A:A,CONTROL_MUESTRAS_2026!D:D,"No encontrado",0))),"") | G13: =IF(M13>0,(UPPER(_xlfn.XLOOKUP(M13,CONTROL_MUESTRAS_2026!A:A,CONTROL_MUESTRAS_2026!E:E,"No encontrado",0))),"") | H13: Ninguna | J13: =IF(M13>0,TEXT(_xlfn.XLOOKUP(M13,CONTROL_MUESTRAS_2026!A:A,CONTROL_MUESTRAS_2026!B:B,"No encontrado",0),"yyyy-mm-dd"),"") | K13: =$G$4 -> 46217 | P13: Laboratorio externo
B14: {=IF(M14>0,(UPPER(_xlfn.XLOOKUP(M14,CONTROL_MUESTRAS_2026!A:A,CONCATENATE(CONTROL_MUESTRAS_2026!I:I," - ",CONTROL_MUESTRAS_2026!J:J," - ",CONTROL_MUESTRAS_2026!K:K),"No encontrado",0))),"")} | D14: =IF(M14>0,(UPPER(_xlfn.XLOOKUP(M14,CONTROL_MUESTRAS_2026!A:A,CONTROL_MUESTRAS_2026!G:G,"No encontrado",0))),"") | E14: =IF(M14>0,(UPPER(_xlfn.XLOOKUP(M14,CONTROL_MUESTRAS_2026!A:A,CONTROL_MUESTRAS_2026!D:D,"No encontrado",0))),"") | G14: =IF(M14>0,(UPPER(_xlfn.XLOOKUP(M14,CONTROL_MUESTRAS_2026!A:A,CONTROL_MUESTRAS_2026!E:E,"No encontrado",0))),"") | H14: Ninguna | J14: =IF(M14>0,TEXT(_xlfn.XLOOKUP(M14,CONTROL_MUESTRAS_2026!A:A,CONTROL_MUESTRAS_2026!B:B,"No encontrado",0),"yyyy-mm-dd"),"") | K14: =$G$4 -> 46217 | P14: Recogido por el cliente
B15: {=IF(M15>0,(UPPER(_xlfn.XLOOKUP(M15,CONTROL_MUESTRAS_2026!A:A,CONCATENATE(CONTROL_MUESTRAS_2026!I:I," - ",CONTROL_MUESTRAS_2026!J:J," - ",CONTROL_MUESTRAS_2026!K:K),"No encontrado",0))),"")} | D15: =IF(M15>0,(UPPER(_xlfn.XLOOKUP(M15,CONTROL_MUESTRAS_2026!A:A,CONTROL_MUESTRAS_2026!G:G,"No encontrado",0))),"") | E15: =IF(M15>0,(UPPER(_xlfn.XLOOKUP(M15,CONTROL_MUESTRAS_2026!A:A,CONTROL_MUESTRAS_2026!D:D,"No encontrado",0))),"") | G15: =IF(M15>0,(UPPER(_xlfn.XLOOKUP(M15,CONTROL_MUESTRAS_2026!A:A,CONTROL_MUESTRAS_2026!E:E,"No encontrado",0))),"") | H15: Ninguna | J15: =IF(M15>0,TEXT(_xlfn.XLOOKUP(M15,CONTROL_MUESTRAS_2026!A:A,CONTROL_MUESTRAS_2026!B:B,"No encontrado",0),"yyyy-mm-dd"),"") | K15: =$G$4 -> 46217 | P15: Enviado por transportadora
B16: {=IF(M16>0,(UPPER(_xlfn.XLOOKUP(M16,CONTROL_MUESTRAS_2026!A:A,CONCATENATE(CONTROL_MUESTRAS_2026!I:I," - ",CONTROL_MUESTRAS_2026!J:J," - ",CONTROL_MUESTRAS_2026!K:K),"No encontrado",0))),"")} | D16: =IF(M16>0,(UPPER(_xlfn.XLOOKUP(M16,CONTROL_MUESTRAS_2026!A:A,CONTROL_MUESTRAS_2026!G:G,"No encontrado",0))),"") | E16: =IF(M16>0,(UPPER(_xlfn.XLOOKUP(M16,CONTROL_MUESTRAS_2026!A:A,CONTROL_MUESTRAS_2026!D:D,"No encontrado",0))),"") | G16: =IF(M16>0,(UPPER(_xlfn.XLOOKUP(M16,CONTROL_MUESTRAS_2026!A:A,CONTROL_MUESTRAS_2026!E:E,"No encontrado",0))),"") | H16: Ninguna | J16: =IF(M16>0,TEXT(_xlfn.XLOOKUP(M16,CONTROL_MUESTRAS_2026!A:A,CONTROL_MUESTRAS_2026!B:B,"No encontrado",0),"yyyy-mm-dd"),"") | K16: =$G$4 -> 46217
B17: {=IF(M17>0,(UPPER(_xlfn.XLOOKUP(M17,CONTROL_MUESTRAS_2026!A:A,CONCATENATE(CONTROL_MUESTRAS_2026!I:I," - ",CONTROL_MUESTRAS_2026!J:J," - ",CONTROL_MUESTRAS_2026!K:K),"No encontrado",0))),"")} | D17: =IF(M17>0,(UPPER(_xlfn.XLOOKUP(M17,CONTROL_MUESTRAS_2026!A:A,CONTROL_MUESTRAS_2026!G:G,"No encontrado",0))),"") | E17: =IF(M17>0,(UPPER(_xlfn.XLOOKUP(M17,CONTROL_MUESTRAS_2026!A:A,CONTROL_MUESTRAS_2026!D:D,"No encontrado",0))),"") | G17: =IF(M17>0,(UPPER(_xlfn.XLOOKUP(M17,CONTROL_MUESTRAS_2026!A:A,CONTROL_MUESTRAS_2026!E:E,"No encontrado",0))),"") | H17: Ninguna | J17: =IF(M17>0,TEXT(_xlfn.XLOOKUP(M17,CONTROL_MUESTRAS_2026!A:A,CONTROL_MUESTRAS_2026!B:B,"No encontrado",0),"yyyy-mm-dd"),"") | K17: =$G$4 -> 46217
B18: {=IF(M18>0,(UPPER(_xlfn.XLOOKUP(M18,CONTROL_MUESTRAS_2026!A:A,CONCATENATE(CONTROL_MUESTRAS_2026!I:I," - ",CONTROL_MUESTRAS_2026!J:J," - ",CONTROL_MUESTRAS_2026!K:K),"No encontrado",0))),"")} | D18: =IF(M18>0,(UPPER(_xlfn.XLOOKUP(M18,CONTROL_MUESTRAS_2026!A:A,CONTROL_MUESTRAS_2026!G:G,"No encontrado",0))),"") | E18: =IF(M18>0,(UPPER(_xlfn.XLOOKUP(M18,CONTROL_MUESTRAS_2026!A:A,CONTROL_MUESTRAS_2026!D:D,"No encontrado",0))),"") | G18: =IF(M18>0,(UPPER(_xlfn.XLOOKUP(M18,CONTROL_MUESTRAS_2026!A:A,CONTROL_MUESTRAS_2026!E:E,"No encontrado",0))),"") | H18: Ninguna | J18: =IF(M18>0,TEXT(_xlfn.XLOOKUP(M18,CONTROL_MUESTRAS_2026!A:A,CONTROL_MUESTRAS_2026!B:B,"No encontrado",0),"yyyy-mm-dd"),"") | K18: =$G$4 -> 46217
B19: {=IF(M19>0,(UPPER(_xlfn.XLOOKUP(M19,CONTROL_MUESTRAS_2026!A:A,CONCATENATE(CONTROL_MUESTRAS_2026!I:I," - ",CONTROL_MUESTRAS_2026!J:J," - ",CONTROL_MUESTRAS_2026!K:K),"No encontrado",0))),"")} | D19: =IF(M19>0,(UPPER(_xlfn.XLOOKUP(M19,CONTROL_MUESTRAS_2026!A:A,CONTROL_MUESTRAS_2026!G:G,"No encontrado",0))),"") | E19: =IF(M19>0,(UPPER(_xlfn.XLOOKUP(M19,CONTROL_MUESTRAS_2026!A:A,CONTROL_MUESTRAS_2026!D:D,"No encontrado",0))),"") | G19: =IF(M19>0,(UPPER(_xlfn.XLOOKUP(M19,CONTROL_MUESTRAS_2026!A:A,CONTROL_MUESTRAS_2026!E:E,"No encontrado",0))),"") | H19: Ninguna | J19: =IF(M19>0,TEXT(_xlfn.XLOOKUP(M19,CONTROL_MUESTRAS_2026!A:A,CONTROL_MUESTRAS_2026!B:B,"No encontrado",0),"yyyy-mm-dd"),"") | K19: =$G$4 -> 46217
B20: {=IF(M20>0,(UPPER(_xlfn.XLOOKUP(M20,CONTROL_MUESTRAS_2026!A:A,CONCATENATE(CONTROL_MUESTRAS_2026!I:I," - ",CONTROL_MUESTRAS_2026!J:J," - ",CONTROL_MUESTRAS_2026!K:K),"No encontrado",0))),"")} | D20: =IF(M20>0,(UPPER(_xlfn.XLOOKUP(M20,CONTROL_MUESTRAS_2026!A:A,CONTROL_MUESTRAS_2026!G:G,"No encontrado",0))),"") | E20: =IF(M20>0,(UPPER(_xlfn.XLOOKUP(M20,CONTROL_MUESTRAS_2026!A:A,CONTROL_MUESTRAS_2026!D:D,"No encontrado",0))),"") | G20: =IF(M20>0,(UPPER(_xlfn.XLOOKUP(M20,CONTROL_MUESTRAS_2026!A:A,CONTROL_MUESTRAS_2026!E:E,"No encontrado",0))),"") | H20: Ninguna | J20: =IF(M20>0,TEXT(_xlfn.XLOOKUP(M20,CONTROL_MUESTRAS_2026!A:A,CONTROL_MUESTRAS_2026!B:B,"No encontrado",0),"yyyy-mm-dd"),"") | K20: =$G$4 -> 46217
B21: {=IF(M21>0,(UPPER(_xlfn.XLOOKUP(M21,CONTROL_MUESTRAS_2026!A:A,CONCATENATE(CONTROL_MUESTRAS_2026!I:I," - ",CONTROL_MUESTRAS_2026!J:J," - ",CONTROL_MUESTRAS_2026!K:K),"No encontrado",0))),"")} | D21: =IF(M21>0,(UPPER(_xlfn.XLOOKUP(M21,CONTROL_MUESTRAS_2026!A:A,CONTROL_MUESTRAS_2026!G:G,"No encontrado",0))),"") | E21: =IF(M21>0,(UPPER(_xlfn.XLOOKUP(M21,CONTROL_MUESTRAS_2026!A:A,CONTROL_MUESTRAS_2026!D:D,"No encontrado",0))),"") | G21: =IF(M21>0,(UPPER(_xlfn.XLOOKUP(M21,CONTROL_MUESTRAS_2026!A:A,CONTROL_MUESTRAS_2026!E:E,"No encontrado",0))),"") | H21: Ninguna | J21: =IF(M21>0,TEXT(_xlfn.XLOOKUP(M21,CONTROL_MUESTRAS_2026!A:A,CONTROL_MUESTRAS_2026!B:B,"No encontrado",0),"yyyy-mm-dd"),"") | K21: =$G$4 -> 46217
B22: {=IF(M22>0,(UPPER(_xlfn.XLOOKUP(M22,CONTROL_MUESTRAS_2026!A:A,CONCATENATE(CONTROL_MUESTRAS_2026!I:I," - ",CONTROL_MUESTRAS_2026!J:J," - ",CONTROL_MUESTRAS_2026!K:K),"No encontrado",0))),"")} | D22: =IF(M22>0,(UPPER(_xlfn.XLOOKUP(M22,CONTROL_MUESTRAS_2026!A:A,CONTROL_MUESTRAS_2026!G:G,"No encontrado",0))),"") | E22: =IF(M22>0,(UPPER(_xlfn.XLOOKUP(M22,CONTROL_MUESTRAS_2026!A:A,CONTROL_MUESTRAS_2026!D:D,"No encontrado",0))),"") | G22: =IF(M22>0,(UPPER(_xlfn.XLOOKUP(M22,CONTROL_MUESTRAS_2026!A:A,CONTROL_MUESTRAS_2026!E:E,"No encontrado",0))),"") | H22: Ninguna | J22: =IF(M22>0,TEXT(_xlfn.XLOOKUP(M22,CONTROL_MUESTRAS_2026!A:A,CONTROL_MUESTRAS_2026!B:B,"No encontrado",0),"yyyy-mm-dd"),"") | K22: =$G$4 -> 46217
B23: {=IF(M23>0,(UPPER(_xlfn.XLOOKUP(M23,CONTROL_MUESTRAS_2026!A:A,CONCATENATE(CONTROL_MUESTRAS_2026!I:I," - ",CONTROL_MUESTRAS_2026!J:J," - ",CONTROL_MUESTRAS_2026!K:K),"No encontrado",0))),"")} | D23: =IF(M23>0,(UPPER(_xlfn.XLOOKUP(M23,CONTROL_MUESTRAS_2026!A:A,CONTROL_MUESTRAS_2026!G:G,"No encontrado",0))),"") | E23: =IF(M23>0,(UPPER(_xlfn.XLOOKUP(M23,CONTROL_MUESTRAS_2026!A:A,CONTROL_MUESTRAS_2026!D:D,"No encontrado",0))),"") | G23: =IF(M23>0,(UPPER(_xlfn.XLOOKUP(M23,CONTROL_MUESTRAS_2026!A:A,CONTROL_MUESTRAS_2026!E:E,"No encontrado",0))),"") | H23: Ninguna | J23: =IF(M23>0,TEXT(_xlfn.XLOOKUP(M23,CONTROL_MUESTRAS_2026!A:A,CONTROL_MUESTRAS_2026!B:B,"No encontrado",0),"yyyy-mm-dd"),"") | K23: =$G$4 -> 46217
B24: {=IF(M24>0,(UPPER(_xlfn.XLOOKUP(M24,CONTROL_MUESTRAS_2026!A:A,CONCATENATE(CONTROL_MUESTRAS_2026!I:I," - ",CONTROL_MUESTRAS_2026!J:J," - ",CONTROL_MUESTRAS_2026!K:K),"No encontrado",0))),"")} | D24: =IF(M24>0,(UPPER(_xlfn.XLOOKUP(M24,CONTROL_MUESTRAS_2026!A:A,CONTROL_MUESTRAS_2026!G:G,"No encontrado",0))),"") | E24: =IF(M24>0,(UPPER(_xlfn.XLOOKUP(M24,CONTROL_MUESTRAS_2026!A:A,CONTROL_MUESTRAS_2026!D:D,"No encontrado",0))),"") | G24: =IF(M24>0,(UPPER(_xlfn.XLOOKUP(M24,CONTROL_MUESTRAS_2026!A:A,CONTROL_MUESTRAS_2026!E:E,"No encontrado",0))),"") | H24: Ninguna | J24: =IF(M24>0,TEXT(_xlfn.XLOOKUP(M24,CONTROL_MUESTRAS_2026!A:A,CONTROL_MUESTRAS_2026!B:B,"No encontrado",0),"yyyy-mm-dd"),"") | K24: =$G$4 -> 46217
B25: {=IF(M25>0,(UPPER(_xlfn.XLOOKUP(M25,CONTROL_MUESTRAS_2026!A:A,CONCATENATE(CONTROL_MUESTRAS_2026!I:I," - ",CONTROL_MUESTRAS_2026!J:J," - ",CONTROL_MUESTRAS_2026!K:K),"No encontrado",0))),"")} | D25: =IF(M25>0,(UPPER(_xlfn.XLOOKUP(M25,CONTROL_MUESTRAS_2026!A:A,CONTROL_MUESTRAS_2026!G:G,"No encontrado",0))),"") | E25: =IF(M25>0,(UPPER(_xlfn.XLOOKUP(M25,CONTROL_MUESTRAS_2026!A:A,CONTROL_MUESTRAS_2026!D:D,"No encontrado",0))),"") | G25: =IF(M25>0,(UPPER(_xlfn.XLOOKUP(M25,CONTROL_MUESTRAS_2026!A:A,CONTROL_MUESTRAS_2026!E:E,"No encontrado",0))),"") | H25: Ninguna | J25: =IF(M25>0,TEXT(_xlfn.XLOOKUP(M25,CONTROL_MUESTRAS_2026!A:A,CONTROL_MUESTRAS_2026!B:B,"No encontrado",0),"yyyy-mm-dd"),"") | K25: =$G$4 -> 46217
B26: {=IF(M26>0,(UPPER(_xlfn.XLOOKUP(M26,CONTROL_MUESTRAS_2026!A:A,CONCATENATE(CONTROL_MUESTRAS_2026!I:I," - ",CONTROL_MUESTRAS_2026!J:J," - ",CONTROL_MUESTRAS_2026!K:K),"No encontrado",0))),"")} | D26: =IF(M26>0,(UPPER(_xlfn.XLOOKUP(M26,CONTROL_MUESTRAS_2026!A:A,CONTROL_MUESTRAS_2026!G:G,"No encontrado",0))),"") | E26: =IF(M26>0,(UPPER(_xlfn.XLOOKUP(M26,CONTROL_MUESTRAS_2026!A:A,CONTROL_MUESTRAS_2026!D:D,"No encontrado",0))),"") | G26: =IF(M26>0,(UPPER(_xlfn.XLOOKUP(M26,CONTROL_MUESTRAS_2026!A:A,CONTROL_MUESTRAS_2026!E:E,"No encontrado",0))),"") | H26: Ninguna | J26: =IF(M26>0,TEXT(_xlfn.XLOOKUP(M26,CONTROL_MUESTRAS_2026!A:A,CONTROL_MUESTRAS_2026!B:B,"No encontrado",0),"yyyy-mm-dd"),"") | K26: =$G$4 -> 46217
B27: {=IF(M27>0,(UPPER(_xlfn.XLOOKUP(M27,CONTROL_MUESTRAS_2026!A:A,CONCATENATE(CONTROL_MUESTRAS_2026!I:I," - ",CONTROL_MUESTRAS_2026!J:J," - ",CONTROL_MUESTRAS_2026!K:K),"No encontrado",0))),"")} | D27: =IF(M27>0,(UPPER(_xlfn.XLOOKUP(M27,CONTROL_MUESTRAS_2026!A:A,CONTROL_MUESTRAS_2026!G:G,"No encontrado",0))),"") | E27: =IF(M27>0,(UPPER(_xlfn.XLOOKUP(M27,CONTROL_MUESTRAS_2026!A:A,CONTROL_MUESTRAS_2026!D:D,"No encontrado",0))),"") | G27: =IF(M27>0,(UPPER(_xlfn.XLOOKUP(M27,CONTROL_MUESTRAS_2026!A:A,CONTROL_MUESTRAS_2026!E:E,"No encontrado",0))),"") | H27: Ninguna | J27: =IF(M27>0,TEXT(_xlfn.XLOOKUP(M27,CONTROL_MUESTRAS_2026!A:A,CONTROL_MUESTRAS_2026!B:B,"No encontrado",0),"yyyy-mm-dd"),"") | K27: =$G$4 -> 46217
B29: TOTAL MUESTRAS | C29: {=SUMPRODUCT((D12:D27<>"")*1)} -> 1 | D29: NUMERO DE EMPAQUES | E29: 1 | F29: OBSERVACIÓN FINAL DE LAS MUESTRAS | P29: Soloicitado por personal de producto
P30: Recogido por el cliente
C32: ENTREGADO POR: | G32: ENTREGADO A: | R32: =IF(H30>0,(UPPER(_xlfn.XLOOKUP(H30,[2]CONTROL_MUESTRAS_2025!A:A,[2]CONTROL_MUESTRAS_2025!I:I,"No encontrado",0))),"")
C33: Brandon Trujillo | G33: FIRMA: | R33: =IF(M30>0,(UPPER(_xlfn.XLOOKUP(M30,[2]CONTROL_MUESTRAS_2025!A:A,[2]CONTROL_MUESTRAS_2025!I:I,"No encontrado",0))),"")
G34: CEDULA: | P34: Las muestras fueron sometidas a ensayos destructivos, por lo cual no se encuentran en buen estado. | R34: =IF(M31>0,(UPPER(_xlfn.XLOOKUP(M31,[2]CONTROL_MUESTRAS_2025!A:A,[2]CONTROL_MUESTRAS_2025!I:I,"No encontrado",0))),"")
C35: Auxiliar de laboratorio | G35: NOMBRE Y PLACA: | R35: =IF(M32>0,(UPPER(_xlfn.XLOOKUP(M32,[2]CONTROL_MUESTRAS_2025!A:A,[2]CONTROL_MUESTRAS_2025!I:I,"No encontrado",0))),"")
B37: ENTRADA EN VIGOR 2023-08-30 | R37: =IF(M33>0,(UPPER(_xlfn.XLOOKUP(M33,[2]CONTROL_MUESTRAS_2025!A:A,[2]CONTROL_MUESTRAS_2025!I:I,"No encontrado",0))),"")
B38: Se prohíbe la reproducción total o parcial sin previa autorización
B39: NYCE Colombia S.A.S. | Calle 30 No. 17 - 52 | Teusaquillo - Bogotá D.C. Colombia | Tel. + 571 756 84 85 ext. 129
R40: =IF(M37>0,(UPPER(_xlfn.XLOOKUP(M37,[2]CONTROL_MUESTRAS_2025!A:A,[2]CONTROL_MUESTRAS_2025!I:I,"No encontrado",0))),"")
A43: REMISIÓN DE MUESTRAS
K45: F9T09-02
F46: FECHA DE ELABORACIÓN | G46: =G4 -> 46217 | I46: CONSECUTIVO | J46: =J4 -> 109
B49: LABORATORIO DE ENSAYOS NYCE COLOMBIA S.A.S
B52: CLIENTE | D52: =D9 -> NICOMAR ELECTRONICS | G52: TIPO DE SALIDA | I52: =I9 -> Solicitado por personal de Nyce
B54: IDENTIFICACIÓN INTERNA | D54: IDENTIFICACIÓN EXTERNA | E54: DESCRIPCIÓN | G54: FABRICANTE /MARCA | H54: OBSERVACIONES | J54: FECHA DE RECEPCIÓN | K54: FECHA DE ENTREGA
B55: =B12 -> LENC - 26 - N/E | D55: =D12 -> 21714 | E55: =E12 -> MULTITOMA FIJA | G55: =G12 -> POWEST | H55: =H12 -> Ninguna | J55: =J12 -> 2026-06-18 | K55: =K12 -> 46217
B56: =B13 | D56: =D13 | E56: =E13 | G56: =G13 | H56: =H13 -> Ninguna | J56: =J13 | K56: =K13 -> 46217
B57: =B14 | D57: =D14 | E57: =E14 | G57: =G14 | H57: =H14 -> Ninguna | J57: =J14 | K57: =K14 -> 46217
B58: =B15 | D58: =D15 | E58: =E15 | G58: =G15 | H58: =H15 -> Ninguna | J58: =J15 | K58: =K15 -> 46217
B59: =B16 | D59: =D16 | E59: =E16 | G59: =G16 | H59: =H16 -> Ninguna | J59: =J16 | K59: =K16 -> 46217
B60: =B17 | D60: =D17 | E60: =E17 | G60: =G17 | H60: =H17 -> Ninguna | J60: =J17 | K60: =K17 -> 46217
B61: =B18 | D61: =D18 | E61: =E18 | G61: =G18 | H61: =H18 -> Ninguna | J61: =J18 | K61: =K18 -> 46217
B62: =B19 | D62: =D19 | E62: =E19 | G62: =G19 | H62: =H19 -> Ninguna | J62: =J19 | K62: =K19 -> 46217
B63: =B20 | D63: =D20 | E63: =E20 | G63: =G20 | H63: =H20 -> Ninguna | J63: =J20 | K63: =K20 -> 46217
B64: =B21 | D64: =D21 | E64: =E21 | G64: =G21 | H64: =H21 -> Ninguna | J64: =J21 | K64: =K21 -> 46217
B65: =B27 | D65: =D27 | E65: =E27 | G65: =G27 | H65: =H27 -> Ninguna | J65: =J27 | K65: =K27 -> 46217
B67: TOTAL MUESTRAS | C67: =C29 -> 1 | D67: NUMERO DE EMPAQUES | E67: =E29 -> 1 | F67: OBSERVACIÓN FINAL DE LAS MUESTRAS | H67: =H29 -> 0
C70: ENTREGADO POR: | G70: ENTREGADO A:
C71: Brandon Trujillo | G71: FIRMA:
G72: CEDULA:
C73: Auxiliar de laboratorio | G73: NOMBRE Y PLACA:
B75: ENTRADA EN VIGOR 2023-08-30
B76: Se prohíbe la reproducción total o parcial sin previa autorización
B77: NYCE Colombia S.A.S. | Calle 30 No. 17 - 52 | Teusaquillo - Bogotá D.C. Colombia | Tel. + 571 756 84 85 ext. 129

Sheet REMISIÓN 2025 (2)
A2: REMISIÓN DE MUESTRAS
K3: F9T09-02
F4: FECHA DE ELABORACIÓN | G4: =TODAY() -> 46217 | I4: CONSECUTIVO | J4: 1060
B7: LABORATORIO DE ENSAYOS NYCE COLOMBIA S.A.S
B9: CLIENTE | D9: Cooper | G9: TIPO DE SALIDA | I9: RECOLECCIÓN POR PARTE DEL CLIENTE
B11: IDENTIFICACIÓN INTERNA | D11: IDENTIFICACIÓN EXTERNA | E11: DESCRIPCIÓN | G11: FABRICANTE /MARCA | H11: OBSERVACIONES | J11: FECHA DE RECEPCIÓN | K11: FECHA DE ENTREGA | M11: PEGAR AQUÍ ÍTEM ︾
B12: LENC - 25 - I 0940 | D12: =IF(M12>0,(UPPER(_xlfn.XLOOKUP(M12,#REF!,#REF!,"No encontrado",0))),"") -> #REF! | E12: =IF(M12>0,(PROPER(_xlfn.XLOOKUP(M12,#REF!,#REF!,"No encontrado",0))),"") -> #REF! | G12: =IF(M12>0,(PROPER(_xlfn.XLOOKUP(M12,#REF!,#REF!,"No encontrado",0))),"") -> #REF! | H12: Ninguna | J12: =_xlfn.XLOOKUP(M12,#REF!,#REF!,0) -> #REF! | K12: =IF(M12>0,TODAY(),"") -> 46217 | M12: 911 | R12: =IF(M12>0,(UPPER(_xlfn.XLOOKUP(M12,#REF!,#REF!,"No encontrado",0))),"") -> #REF!
B13: LENC-25-I 0919 | D13: 20288 | E13: Tomacorriente | G13: FMF | H13: Ninguna | J13: 45929 | K13: =IF(M13>0,TODAY(),"") -> 46217 | M13: 1402 | R13: =IF(M13>0,(UPPER(_xlfn.XLOOKUP(M13,#REF!,#REF!,"No encontrado",0))),"") -> #REF!
B14: LENC-25-I 1018 | D14: 21277 | E14: Tomacorriente 3 lineas | G14: FMF | H14: Ninguna | J14: 45951 | K14: 45989 | M14: 1517 | R14: =IF(M14>0,(UPPER(_xlfn.XLOOKUP(M14,#REF!,#REF!,"No encontrado",0))),"") -> #REF!
B15: LENC-25-I 1018 | D15: 21228 | E15: Tomacorriente 3 lineas | G15: FMF | H15: Ninguna | J15: 45951 | K15: =IF(M11>0,TODAY(),"") -> 46217 | M15: 1517 | R15: =IF(M15>0,(UPPER(_xlfn.XLOOKUP(M15,#REF!,#REF!,"No encontrado",0))),"") -> #REF!
B16: LENC-25-I 0697 | D16: 20299 | E16: Aro de luz | G16: N/E | H16: Ninguna | J16: 45870 | K16: =IF(M12>0,TODAY(),"") -> 46217 | M16: 1066 | R16: =IF(M16>0,(UPPER(_xlfn.XLOOKUP(M16,#REF!,#REF!,"No encontrado",0))),"") -> #REF!
B17: LENC-25-I0697 | D17: 20300 | E17: Aro de luz | G17: N/E | H17: Ninguna | J17: 45871 | K17: =IF(M13>0,TODAY(),"") -> 46217 | M17: 1067 | R17: =IF(M17>0,(UPPER(_xlfn.XLOOKUP(M17,#REF!,#REF!,"No encontrado",0))),"") -> #REF!
H18: Ninguna | K18: =IF(M14>0,TODAY(),"") -> 46217 | M18: 1435 | R18: =IF(M18>0,(UPPER(_xlfn.XLOOKUP(M18,#REF!,#REF!,"No encontrado",0))),"") -> #REF!
H19: Ninguna | K19: =IF(M15>0,TODAY(),"") -> 46217 | M19: 1436 | R19: =IF(M19>0,(UPPER(_xlfn.XLOOKUP(M19,#REF!,#REF!,"No encontrado",0))),"") -> #REF!
H20: Ninguna | M20: 1437 | R20: =IF(M20>0,(UPPER(_xlfn.XLOOKUP(M20,#REF!,#REF!,"No encontrado",0))),"") -> #REF!
H21: Ninguna | M21: 1438
B22: LENC-25-I 0968 | D22: =IF(M18>0,(UPPER(_xlfn.XLOOKUP(M18,#REF!,#REF!,"No encontrado",0))),"") -> #REF! | E22: =IF(M18>0,(PROPER(_xlfn.XLOOKUP(M18,#REF!,#REF!,"No encontrado",0))),"") -> #REF! | G22: =IF(M18>0,(PROPER(_xlfn.XLOOKUP(M18,#REF!,#REF!,"No encontrado",0))),"") -> #REF! | H22: Ninguna | J22: =_xlfn.XLOOKUP(M18,#REF!,#REF!,0) -> #REF! | K22: =IF(M18>0,TODAY(),"") -> 46217 | M22: 1439
B23: LENC-25-I 0968 | D23: =IF(M19>0,(UPPER(_xlfn.XLOOKUP(M19,#REF!,#REF!,"No encontrado",0))),"") -> #REF! | E23: =IF(M19>0,(PROPER(_xlfn.XLOOKUP(M19,#REF!,#REF!,"No encontrado",0))),"") -> #REF! | G23: =IF(M19>0,(PROPER(_xlfn.XLOOKUP(M19,#REF!,#REF!,"No encontrado",0))),"") -> #REF! | H23: Ninguna | J23: =_xlfn.XLOOKUP(M19,#REF!,#REF!,0) -> #REF! | K23: =IF(M19>0,TODAY(),"") -> 46217 | M23: 1440 | R23: =IF(M20>0,(UPPER(_xlfn.XLOOKUP(M20,#REF!,#REF!,"No encontrado",0))),"") -> #REF!
B24: LENC-25-I 0968 | D24: =IF(M20>0,(UPPER(_xlfn.XLOOKUP(M20,#REF!,#REF!,"No encontrado",0))),"") -> #REF! | E24: =IF(M20>0,(PROPER(_xlfn.XLOOKUP(M20,#REF!,#REF!,"No encontrado",0))),"") -> #REF! | G24: =IF(M20>0,(PROPER(_xlfn.XLOOKUP(M20,#REF!,#REF!,"No encontrado",0))),"") -> #REF! | H24: Ninguna | J24: =_xlfn.XLOOKUP(M20,#REF!,#REF!,0) -> #REF! | K24: =IF(M20>0,TODAY(),"") -> 46217 | R24: =IF(M21>0,(UPPER(_xlfn.XLOOKUP(M21,#REF!,#REF!,"No encontrado",0))),"") -> #REF!
B25: LENC-25-I 0969 | D25: =IF(M21>0,(UPPER(_xlfn.XLOOKUP(M21,#REF!,#REF!,"No encontrado",0))),"") -> #REF! | E25: =IF(M21>0,(PROPER(_xlfn.XLOOKUP(M21,#REF!,#REF!,"No encontrado",0))),"") -> #REF! | G25: =IF(M21>0,(PROPER(_xlfn.XLOOKUP(M21,#REF!,#REF!,"No encontrado",0))),"") -> #REF! | H25: Ninguna | J25: =_xlfn.XLOOKUP(M21,#REF!,#REF!,0) -> #REF! | K25: =IF(M21>0,TODAY(),"") -> 46217 | R25: =IF(M22>0,(UPPER(_xlfn.XLOOKUP(M22,#REF!,#REF!,"No encontrado",0))),"") -> #REF!
B26: LENC-25-I 0969 | D26: =IF(M22>0,(UPPER(_xlfn.XLOOKUP(M22,#REF!,#REF!,"No encontrado",0))),"") -> #REF! | E26: =IF(M22>0,(PROPER(_xlfn.XLOOKUP(M22,#REF!,#REF!,"No encontrado",0))),"") -> #REF! | G26: =IF(M22>0,(PROPER(_xlfn.XLOOKUP(M22,#REF!,#REF!,"No encontrado",0))),"") -> #REF! | H26: Ninguna | J26: =_xlfn.XLOOKUP(M22,#REF!,#REF!,0) -> #REF! | K26: =IF(M22>0,TODAY(),"") -> 46217 | R26: =IF(M23>0,(UPPER(_xlfn.XLOOKUP(M23,#REF!,#REF!,"No encontrado",0))),"") -> #REF!
B27: LENC-25-I 0968 | D27: =IF(M23>0,(UPPER(_xlfn.XLOOKUP(M23,#REF!,#REF!,"No encontrado",0))),"") -> #REF! | E27: =IF(M23>0,(PROPER(_xlfn.XLOOKUP(M23,#REF!,#REF!,"No encontrado",0))),"") -> #REF! | G27: =IF(M23>0,(PROPER(_xlfn.XLOOKUP(M23,#REF!,#REF!,"No encontrado",0))),"") -> #REF! | H27: Ninguna | J27: =_xlfn.XLOOKUP(M23,#REF!,#REF!,0) -> #REF! | K27: =IF(M23>0,TODAY(),"") -> 46217 | R27: =IF(M24>0,(UPPER(_xlfn.XLOOKUP(M24,#REF!,#REF!,"No encontrado",0))),"")
B28: LENC-25- I 1008 | D28: 20240 | E28: Tomacorriente con interruptor | G28: Forte | H28: Ninguna | J28: 45938 | K28: =IF(M24>0,TODAY(),"") | R28: =IF(M25>0,(UPPER(_xlfn.XLOOKUP(M25,#REF!,#REF!,"No encontrado",0))),"")
B29: LENC-25- I 1008 | D29: 20249 | E29: Tomacorriente con interruptor | G29: Forte | H29: Ninguna | J29: =_xlfn.XLOOKUP(M25,#REF!,#REF!,0) -> #REF! | K29: =IF(M25>0,TODAY(),"") | R29: =IF(M26>0,(UPPER(_xlfn.XLOOKUP(M26,#REF!,#REF!,"No encontrado",0))),"")
B30: LENC-25- I 1008 | D30: 20237 | E30: Interruptor sencillo | G30: Forte | H30: Ninguna | J30: =_xlfn.XLOOKUP(M26,#REF!,#REF!,0) -> #REF! | K30: =IF(M26>0,TODAY(),"") | R30: =IF(M27>0,(UPPER(_xlfn.XLOOKUP(M27,#REF!,#REF!,"No encontrado",0))),"")
B31: LENC-25- I 1008 | D31: 20235 | E31: Interruptor sencillo | G31: Forte | H31: Ninguna | J31: =_xlfn.XLOOKUP(M27,#REF!,#REF!,0) -> #REF! | K31: =IF(M27>0,TODAY(),"") | R31: =IF(M28>0,(UPPER(_xlfn.XLOOKUP(M28,#REF!,#REF!,"No encontrado",0))),"")
B32: LENC-25- I 1008 | D32: 20248 | E32: Interruptor sencillo | G32: Forte | H32: Ninguna | J32: =_xlfn.XLOOKUP(M28,#REF!,#REF!,0) -> #REF! | K32: =IF(M28>0,TODAY(),"") | R32: =IF(M29>0,(UPPER(_xlfn.XLOOKUP(M29,#REF!,#REF!,"No encontrado",0))),"")
B33: LENC-25- I 1008 | D33: 20247 | E33: Interruptor sencillo | G33: Forte | H33: Ninguna | J33: =_xlfn.XLOOKUP(M29,#REF!,#REF!,0) -> #REF! | K33: =IF(M29>0,TODAY(),"") | R33: =IF(M30>0,(UPPER(_xlfn.XLOOKUP(M30,#REF!,#REF!,"No encontrado",0))),"")
B34: LENC-25- I 1008 | D34: 20243 | E34: Interruptor sencillo | G34: Forte | H34: Ninguna | J34: =_xlfn.XLOOKUP(M30,#REF!,#REF!,0) -> #REF! | K34: =IF(M30>0,TODAY(),"") | R34: =IF(M31>0,(UPPER(_xlfn.XLOOKUP(M31,#REF!,#REF!,"No encontrado",0))),"")
B35: LENC-25- I 1008 | D35: 20244 | E35: Interruptor sencillo | G35: Forte | H35: Ninguna | J35: =_xlfn.XLOOKUP(M31,#REF!,#REF!,0) -> #REF! | K35: =IF(M31>0,TODAY(),"") | R35: =IF(M32>0,(UPPER(_xlfn.XLOOKUP(M32,#REF!,#REF!,"No encontrado",0))),"")
B36: LENC-25- I 1008 | D36: 20245 | E36: Interruptor sencillo | G36: Forte | H36: Ninguna | J36: =_xlfn.XLOOKUP(M32,#REF!,#REF!,0) -> #REF! | K36: =IF(M32>0,TODAY(),"") | R36: =IF(M33>0,(UPPER(_xlfn.XLOOKUP(M33,#REF!,#REF!,"No encontrado",0))),"")
B37: LENC-25- I 1008 | D37: 20245 | E37: Interruptor doble | G37: Forte | H37: Ninguna | J37: =_xlfn.XLOOKUP(M33,#REF!,#REF!,0) -> #REF! | K37: =IF(M33>0,TODAY(),"") | R37: =IF(M34>0,(UPPER(_xlfn.XLOOKUP(M34,#REF!,#REF!,"No encontrado",0))),"")
B38: LENC-25- I 1008 | D38: 20241 | E38: Tomacorriente | G38: Forte | H38: Ninguna | J38: =_xlfn.XLOOKUP(M34,#REF!,#REF!,0) -> #REF! | K38: =IF(M34>0,TODAY(),"") | R38: =IF(M35>0,(UPPER(_xlfn.XLOOKUP(M35,#REF!,#REF!,"No encontrado",0))),"")
B39: LENC-25- I 1008 | D39: 20236 | E39: Tomacorriente | G39: Forte | H39: Ninguna | J39: =_xlfn.XLOOKUP(M35,#REF!,#REF!,0) -> #REF! | K39: =IF(M35>0,TODAY(),"") | R39: =IF(M36>0,(UPPER(_xlfn.XLOOKUP(M36,#REF!,#REF!,"No encontrado",0))),"")
R40: =IF(M13>0,(UPPER(_xlfn.XLOOKUP(M13,#REF!,#REF!,"No encontrado",0))),"") -> #REF! | S40: SI(M12>0;(MAYUSC(BUSCARX(M12;CONTROL_MUESTRAS_2025!A:A;CONTROL_MUESTRAS_2025!F:F;"No encontrado";0)));"")
M45: Todas las muestras fueron ensayadas, por lo tanto, ninguna se encuentra en buen estado, debido al procedimiento de ensayo y manipulación de la muestra. | R45: =IF(M42>0,(UPPER(_xlfn.XLOOKUP(M42,#REF!,#REF!,"No encontrado",0))),"")
B46: TOTAL MUESTRAS | C46: 1 | D46: NUMERO DE EMPAQUES | E46: 1 | F46: OBSERVACIÓN FINAL DE LAS MUESTRAS | R46: =IF(M43>0,(UPPER(_xlfn.XLOOKUP(M43,#REF!,#REF!,"No encontrado",0))),"")
R47: =IF(M44>0,(UPPER(_xlfn.XLOOKUP(M44,#REF!,#REF!,"No encontrado",0))),"")
R48: =IF(M45>0,(UPPER(_xlfn.XLOOKUP(M45,#REF!,#REF!,"No encontrado",0))),"") -> #REF!
C49: ENTREGADO POR: | G49: ENTREGADO A: | R49: =IF(M46>0,(UPPER(_xlfn.XLOOKUP(M46,#REF!,#REF!,"No encontrado",0))),"")
A50: Se prohíbe la reproducción total o parcial sin previa autorización | G50: FIRMA | R50: =IF(M47>0,(UPPER(_xlfn.XLOOKUP(M47,#REF!,#REF!,"No encontrado",0))),"")
A51: NYCE Colombia S.A.S. | Calle 30 No. 17 - 52 | Teusaquillo - Bogotá D.C. Colombia | Tel. + 571 756 84 85 ext. 129 | C51: Andres Carvajal | G51: NOMBRE | R51: =IF(M48>0,(UPPER(_xlfn.XLOOKUP(M48,#REF!,#REF!,"No encontrado",0))),"")
R52: =IF(M49>0,(UPPER(_xlfn.XLOOKUP(M49,#REF!,#REF!,"No encontrado",0))),"")
B53: ENTRADA EN VIGOR 2023-08-30 | R53: =IF(M50>0,(UPPER(_xlfn.XLOOKUP(M50,#REF!,#REF!,"No encontrado",0))),"")
R54: =IF(M51>0,(UPPER(_xlfn.XLOOKUP(M51,#REF!,#REF!,"No encontrado",0))),"")
R55: =IF(M52>0,(UPPER(_xlfn.XLOOKUP(M52,#REF!,#REF!,"No encontrado",0))),"")
A56: REMISIÓN DE MUESTRAS | R56: =IF(M53>0,(UPPER(_xlfn.XLOOKUP(M53,#REF!,#REF!,"No encontrado",0))),"")
R57: =IF(M54>0,(UPPER(_xlfn.XLOOKUP(M54,#REF!,#REF!,"No encontrado",0))),"")
R58: =IF(M55>0,(UPPER(_xlfn.XLOOKUP(M55,#REF!,#REF!,"No encontrado",0))),"")
R59: =IF(M56>0,(UPPER(_xlfn.XLOOKUP(M56,#REF!,#REF!,"No encontrado",0))),"")
R60: =IF(M57>0,(UPPER(_xlfn.XLOOKUP(M57,#REF!,#REF!,"No encontrado",0))),"")
K61: F9T09-02
F62: FECHA DE ELABORACIÓN | G62: =G4 -> 46217 | I62: CONSECUTIVO | J62: =J4 -> 1060
B65: LABORATORIO DE ENSAYOS NYCE COLOMBIA S.A.S
B67: CLIENTE | D67: =D9 -> Cooper | G67: TIPO DE SALIDA | I67: =I9 -> RECOLECCIÓN POR PARTE DEL CLIENTE
B69: IDENTIFICACIÓN INTERNA | D69: IDENTIFICACIÓN EXTERNA | E69: DESCRIPCIÓN | G69: FABRICANTE /MARCA | H69: OBSERVACIONES | J69: FECHA DE RECEPCIÓN | K69: FECHA DE ENTREGA
B70: =B12 -> LENC - 25 - I 0940 | D70: =D12 -> #REF! | E70: =E12 -> #REF! | G70: =G12 -> #REF! | H70: =H12 -> Ninguna | J70: =J12 -> #REF! | K70: =K12 -> 46217
B71: =B40 -> 0 | D71: =D40 -> 0 | E71: =E40 -> 0 | G71: =G40 -> 0 | H71: =H40 -> 0 | J71: =J40 -> 0 | K71: =K40 -> 0
B72: =B18 -> 0 | D72: =D18 -> 0 | E72: =E18 -> 0 | G72: =G18 -> 0 | H72: =H18 -> Ninguna | J72: =J18 -> 0 | K72: =K18 -> 46217
B73: =B19 -> 0 | D73: =D19 -> 0 | E73: =E19 -> 0 | G73: =G19 -> 0 | H73: =H19 -> Ninguna | J73: =J19 -> 0 | K73: =K19 -> 46217
B74: =B20 -> 0 | D74: =D20 -> 0 | E74: =E20 -> 0 | G74: =G20 -> 0 | H74: =H20 -> Ninguna | J74: =J20 -> 0 | K74: =K20 -> 0
B75: =B21 -> 0 | D75: =D21 -> 0 | E75: =E21 -> 0 | G75: =G21 -> 0 | H75: =H21 -> Ninguna | J75: =J21 -> 0 | K75: =K21 -> 0
B76: =B22 -> LENC-25-I 0968 | D76: =D22 -> #REF! | E76: =E27 -> #REF! | G76: =G27 -> #REF! | H76: =H27 -> Ninguna | J76: =J27 -> #REF! | K76: =K27 -> 46217
B77: =B23 -> LENC-25-I 0968 | D77: =D23 -> #REF! | E77: =E28 -> Tomacorriente con interruptor | G77: =G28 -> Forte | H77: =H28 -> Ninguna | J77: =J28 -> 45938 | K77: =K28
B78: =B24 -> LENC-25-I 0968 | D78: =D24 -> #REF! | E78: =E29 -> Tomacorriente con interruptor | G78: =G29 -> Forte | H78: =H29 -> Ninguna | J78: =J29 -> #REF! | K78: =K29
B79: =B25 -> LENC-25-I 0969 | D79: =D25 -> #REF! | E79: =E30 -> Interruptor sencillo | G79: =G30 -> Forte | H79: =H30 -> Ninguna | J79: =J30 -> #REF! | K79: =K30
B80: =B31 -> LENC-25- I 1008 | D80: =D31 -> 20235 | E80: =E31 -> Interruptor sencillo | G80: =G31 -> Forte | H80: =H31 -> Ninguna | J80: =J31 -> #REF! | K80: =K31
B81: =B32 -> LENC-25- I 1008 | D81: =D32 -> 20248 | E81: =E32 -> Interruptor sencillo | G81: =G32 -> Forte | H81: =H32 -> Ninguna | J81: =J32 -> #REF! | K81: =K32
B82: =B33 -> LENC-25- I 1008 | D82: =D33 -> 20247 | E82: =E33 -> Interruptor sencillo | G82: =G33 -> Forte | H82: =H33 -> Ninguna | J82: =J33 -> #REF! | K82: =K33
B83: =B34 -> LENC-25- I 1008 | D83: =D34 -> 20243 | E83: =E34 -> Interruptor sencillo | G83: =G34 -> Forte | H83: =H34 -> Ninguna | J83: =J34 -> #REF! | K83: =K34
B84: =B35 -> LENC-25- I 1008 | D84: =D35 -> 20244 | E84: =E35 -> Interruptor sencillo | G84: =G35 -> Forte | H84: =H35 -> Ninguna | J84: =J35 -> #REF! | K84: =K35
B85: =B36 -> LENC-25- I 1008 | D85: =D36 -> 20245 | E85: =E36 -> Interruptor sencillo | G85: =G36 -> Forte | H85: =H36 -> Ninguna | J85: =J36 -> #REF! | K85: =K36
B86: =B37 -> LENC-25- I 1008 | D86: =D37 -> 20245 | E86: =E37 -> Interruptor doble | G86: =G37 -> Forte | H86: =H37 -> Ninguna | J86: =J37 -> #REF! | K86: =K37
B87: =B38 -> LENC-25- I 1008 | D87: =D38 -> 20241 | E87: =E38 -> Tomacorriente | G87: =G38 -> Forte | H87: =H38 -> Ninguna | J87: =J38 -> #REF! | K87: =K38
B88: =B39 -> LENC-25- I 1008 | D88: =D39 -> 20236 | E88: =E39 -> Tomacorriente | G88: =G39 -> Forte | H88: =H39 -> Ninguna | J88: =J39 -> #REF! | K88: =K39
B89: =B40 -> 0 | D89: =D40 -> 0 | E89: =E40 -> 0 | G89: =G40 -> 0 | H89: =H40 -> 0 | J89: =J40 -> 0 | K89: =K40 -> 0
B90: =B41 -> 0 | D90: =D41 -> 0 | E90: =E41 -> 0 | G90: =G41 -> 0 | H90: =H41 -> 0 | J90: =J41 -> 0 | K90: =K41 -> 0
B91: =B42 -> 0 | D91: =D42 -> 0 | E91: =E42 -> 0 | G91: =G42 -> 0 | H91: =H42 -> 0 | J91: =J42 -> 0 | K91: =K42 -> 0
B92: =B43 -> 0 | D92: =D43 -> 0 | E92: =E43 -> 0 | G92: =G43 -> 0 | H92: =H43 -> 0 | J92: =J43 -> 0 | K92: =K43 -> 0
B93: =B44 -> 0 | D93: =D44 -> 0 | E93: =E44 -> 0 | G93: =G44 -> 0 | H93: =#REF! -> #REF! | J93: =J44 -> 0 | K93: =K44 -> 0
B94: =B44 -> 0 | D94: =D44 -> 0 | E94: =E44 -> 0 | G94: =G44 -> 0 | J94: =J44 -> 0 | K94: =K44 -> 0
B96: TOTAL MUESTRAS | C96: 2 | D96: NUMERO DE EMPAQUES | E96: =E46 -> 1 | F96: OBSERVACIÓN FINAL DE LAS MUESTRAS
C99: ENTREGADO POR: | G99: ENTREGADO A:
A100: Se prohíbe la reproducción total o parcial sin previa autorización | G100: =G50 -> FIRMA
A101: NYCE Colombia S.A.S. | Calle 30 No. 17 - 52 | Teusaquillo - Bogotá D.C. Colombia | Tel. + 571 756 84 85 ext. 129 | C101: Andres Carvajal | G101: NOMBRE
B103: ENTRADA EN VIGOR 2023-08-30

Sheet Acta_Destrucción 2024
B1: COPIAR DATOS Y PEGAR EN EL ACTA DESTRUCCIÓN ︾ ︾ ︾ ︾ ︾ | G1: PEGAR AQUÍ ÍTEM ︾
B2: IDENTIFICACIÓN INTERNA | C2: IDENTIFICACIÓN EXTERNA | D2: DESCRIPCIÓN | E2: FECHA RECEPCIÓN | G2: ÍTEM
B3: =_xlfn.XLOOKUP(G3,#REF!,CONCATENATE(#REF!," -",#REF!," -",#REF!),"No encontrado") -> #REF! | C3: =_xlfn.XLOOKUP(G3,#REF!,#REF!) -> #REF! | D3: =_xlfn.XLOOKUP(G3,#REF!,#REF!) -> #REF! | E3: =_xlfn.XLOOKUP(G3,#REF!,#REF!) -> #REF!
B4: =_xlfn.XLOOKUP(G4,#REF!,CONCATENATE(#REF!," -",#REF!," -",#REF!),"No encontrado") -> #REF! | C4: =_xlfn.XLOOKUP(G4,#REF!,#REF!) -> #REF! | D4: =_xlfn.XLOOKUP(G4,#REF!,#REF!) -> #REF! | E4: =_xlfn.XLOOKUP(G4,#REF!,#REF!) -> #REF!
B5: =_xlfn.XLOOKUP(G5,#REF!,CONCATENATE(#REF!," -",#REF!," -",#REF!),"No encontrado") -> #REF! | C5: =_xlfn.XLOOKUP(G5,#REF!,#REF!) -> #REF! | D5: =_xlfn.XLOOKUP(G5,#REF!,#REF!) -> #REF! | E5: =_xlfn.XLOOKUP(G5,#REF!,#REF!) -> #REF!
B6: =_xlfn.XLOOKUP(G6,#REF!,CONCATENATE(#REF!," -",#REF!," -",#REF!),"No encontrado") -> #REF! | C6: =_xlfn.XLOOKUP(G6,#REF!,#REF!) -> #REF! | D6: =_xlfn.XLOOKUP(G6,#REF!,#REF!) -> #REF! | E6: =_xlfn.XLOOKUP(G6,#REF!,#REF!) -> #REF!
B7: =_xlfn.XLOOKUP(G7,#REF!,CONCATENATE(#REF!," -",#REF!," -",#REF!),"No encontrado") -> #REF! | C7: =_xlfn.XLOOKUP(G7,#REF!,#REF!) -> #REF! | D7: =_xlfn.XLOOKUP(G7,#REF!,#REF!) -> #REF! | E7: =_xlfn.XLOOKUP(G7,#REF!,#REF!) -> #REF!
B8: =_xlfn.XLOOKUP(G8,#REF!,CONCATENATE(#REF!," -",#REF!," -",#REF!),"No encontrado") -> #REF! | C8: =_xlfn.XLOOKUP(G8,#REF!,#REF!) -> #REF! | D8: =_xlfn.XLOOKUP(G8,#REF!,#REF!) -> #REF! | E8: =_xlfn.XLOOKUP(G8,#REF!,#REF!) -> #REF!
B9: =_xlfn.XLOOKUP(G9,#REF!,CONCATENATE(#REF!," -",#REF!," -",#REF!),"No encontrado") -> #REF! | C9: =_xlfn.XLOOKUP(G9,#REF!,#REF!) -> #REF! | D9: =_xlfn.XLOOKUP(G9,#REF!,#REF!) -> #REF! | E9: =_xlfn.XLOOKUP(G9,#REF!,#REF!) -> #REF!
B10: =_xlfn.XLOOKUP(G10,#REF!,CONCATENATE(#REF!," -",#REF!," -",#REF!),"No encontrado") -> #REF! | C10: =_xlfn.XLOOKUP(G10,#REF!,#REF!) -> #REF! | D10: =_xlfn.XLOOKUP(G10,#REF!,#REF!) -> #REF! | E10: =_xlfn.XLOOKUP(G10,#REF!,#REF!) -> #REF!
B11: =_xlfn.XLOOKUP(G11,#REF!,CONCATENATE(#REF!," -",#REF!," -",#REF!),"No encontrado") -> #REF! | C11: =_xlfn.XLOOKUP(G11,#REF!,#REF!) -> #REF! | D11: =_xlfn.XLOOKUP(G11,#REF!,#REF!) -> #REF! | E11: =_xlfn.XLOOKUP(G11,#REF!,#REF!) -> #REF!
B12: =_xlfn.XLOOKUP(G12,#REF!,CONCATENATE(#REF!," -",#REF!," -",#REF!),"No encontrado") -> #REF! | C12: =_xlfn.XLOOKUP(G12,#REF!,#REF!) -> #REF! | D12: =_xlfn.XLOOKUP(G12,#REF!,#REF!) -> #REF! | E12: =_xlfn.XLOOKUP(G12,#REF!,#REF!) -> #REF!
B13: =_xlfn.XLOOKUP(G13,#REF!,CONCATENATE(#REF!," -",#REF!," -",#REF!),"No encontrado") -> #REF! | C13: =_xlfn.XLOOKUP(G13,#REF!,#REF!) -> #REF! | D13: =_xlfn.XLOOKUP(G13,#REF!,#REF!) -> #REF! | E13: =_xlfn.XLOOKUP(G13,#REF!,#REF!) -> #REF!
B14: =_xlfn.XLOOKUP(G14,#REF!,CONCATENATE(#REF!," -",#REF!," -",#REF!),"No encontrado") -> #REF! | C14: =_xlfn.XLOOKUP(G14,#REF!,#REF!) -> #REF! | D14: =_xlfn.XLOOKUP(G14,#REF!,#REF!) -> #REF! | E14: =_xlfn.XLOOKUP(G14,#REF!,#REF!) -> #REF!
... B165: =_xlfn.XLOOKUP(G165,#REF!,CONCATENATE(#REF!," -",#REF!," -",#REF!),"No encontrado") -> #REF! | C165: =_xlfn.XLOOKUP(G165,#REF!,#REF!) -> #REF! | D165: =_xlfn.XLOOKUP(G165,#REF!,#REF!) -> #REF! | E165: =_xlfn.XLOOKUP(G165,#REF!,#REF!) -> #REF!

Sheet DATOS
A1: CONTROL MUESTRAS 2026 | B1: xxxxxx | D1: Lista desplegable ESTADO DE MUESTRAS
A2: CELDA CONCATENADA | B2: ITEM
D3: Almacenado
D4: Realizar disposición final
D5: En custodia
D6: En curso
D7: Laboratorio Externo
D8: Enviado
D9: Destrución
D19: Lista desplegable Remisiones
D20: TIPO DE SALIDA
D21: ENVIO POR TRASNPORTADORA
D22: RECOLECCIÓN POR PARTE DEL CLIENTE
D23: OTRO
